"scenario_id","residual_loss"
"sha256:ff2d3-r2j-00000","11288.064725407603"
"sha256:ff2d3-r2j-00001","28088.811432319835"
"sha256:ff2d3-r2j-00002","29054.34022598095"
"sha256:ff2d3-r2j-00003","5553.661675515941"
"sha256:ff2d3-r2j-00004","29054.34022598095"
"sha256:ff2d3-r2j-00005","29054.34022598095"
"sha256:ff2d3-r2j-00006","398.4513076997828"
"sha256:ff2d3-r2j-00007","2208.6469608079933"
"sha256:ff2d3-r2j-00008","11805.245328776742"
"sha256:ff2d3-r2j-00009","23185.649165268136"
"sha256:ff2d3-r2j-00010","29054.34022598095"
"sha256:ff2d3-r2j-00011","29054.34022598095"
"sha256:ff2d3-r2j-00012","24589.62786847401"
"sha256:ff2d3-r2j-00013","29054.34022598095"
"sha256:ff2d3-r2j-00014","29054.34022598095"
"sha256:ff2d3-r2j-00015","64231.0231898119"
"sha256:ff2d3-r2j-00016","-799.5002417798969"
"sha256:ff2d3-r2j-00017","29054.34022598095"
"sha256:ff2d3-r2j-00018","35869.405464421274"
"sha256:ff2d3-r2j-00019","24567.047319540598"
"sha256:ff2d3-r2j-00020","16116.918742302136"
"sha256:ff2d3-r2j-00021","29054.34022598095"
"sha256:ff2d3-r2j-00022","40264.75109271832"
"sha256:ff2d3-r2j-00023","19762.340823764232"
"sha256:ff2d3-r2j-00024","23371.156857487687"
"sha256:ff2d3-r2j-00025","26067.92765660878"
"sha256:ff2d3-r2j-00026","36187.385655485734"
"sha256:ff2d3-r2j-00027","29054.34022598095"
"sha256:ff2d3-r2j-00028","16608.891897526744"
"sha256:ff2d3-r2j-00029","7438.810774724014"
"sha256:ff2d3-r2j-00030","-882.7872381666239"
"sha256:ff2d3-r2j-00031","29054.34022598095"
"sha256:ff2d3-r2j-00032","29699.686772154048"
"sha256:ff2d3-r2j-00033","33246.02928053455"
"sha256:ff2d3-r2j-00034","30704.608214665423"
"sha256:ff2d3-r2j-00035","15709.412672114757"
"sha256:ff2d3-r2j-00036","37410.42181642323"
"sha256:ff2d3-r2j-00037","16681.652156852913"
"sha256:ff2d3-r2j-00038","31556.33395753651"
"sha256:ff2d3-r2j-00039","29054.34022598095"
"sha256:ff2d3-r2j-00040","19417.29943370838"
"sha256:ff2d3-r2j-00041","29054.34022598095"
"sha256:ff2d3-r2j-00042","32660.896959782607"
"sha256:ff2d3-r2j-00043","24264.47870008259"
"sha256:ff2d3-r2j-00044","29054.34022598095"
"sha256:ff2d3-r2j-00045","29054.34022598095"
"sha256:ff2d3-r2j-00046","29054.34022598095"
"sha256:ff2d3-r2j-00047","29054.34022598095"
"sha256:ff2d3-r2j-00048","32965.65913218327"
"sha256:ff2d3-r2j-00049","18499.943672038455"
"sha256:ff2d3-r2j-00050","45333.75108619862"
"sha256:ff2d3-r2j-00051","29054.34022598095"
"sha256:ff2d3-r2j-00052","5834.612677475168"
"sha256:ff2d3-r2j-00053","28322.732350212304"
"sha256:ff2d3-r2j-00054","29054.34022598095"
"sha256:ff2d3-r2j-00055","29054.34022598095"
"sha256:ff2d3-r2j-00056","-17557.115833137315"
"sha256:ff2d3-r2j-00057","29054.34022598095"
"sha256:ff2d3-r2j-00058","19323.32844708729"
"sha256:ff2d3-r2j-00059","29054.34022598095"
"sha256:ff2d3-r2j-00060","28135.4657597826"
"sha256:ff2d3-r2j-00061","29054.34022598095"
"sha256:ff2d3-r2j-00062","29054.34022598095"
"sha256:ff2d3-r2j-00063","40390.58508458729"
"sha256:ff2d3-r2j-00064","25055.25517112637"
"sha256:ff2d3-r2j-00065","3580.4229845140508"
"sha256:ff2d3-r2j-00066","32598.777463932995"
"sha256:ff2d3-r2j-00067","66219.98028449841"
"sha256:ff2d3-r2j-00068","8586.89581575642"
"sha256:ff2d3-r2j-00069","49908.68905143299"
"sha256:ff2d3-r2j-00070","17175.918747366526"
"sha256:ff2d3-r2j-00071","-2685.6511942212965"
"sha256:ff2d3-r2j-00072","47914.977030095106"
"sha256:ff2d3-r2j-00073","53309.92740597401"
"sha256:ff2d3-r2j-00074","-3091.8696142316767"
"sha256:ff2d3-r2j-00075","28333.82294837246"
"sha256:ff2d3-r2j-00076","29829.775947526745"
"sha256:ff2d3-r2j-00077","12479.129908931161"
"sha256:ff2d3-r2j-00078","36400.456787191964"
"sha256:ff2d3-r2j-00079","59288.42870560398"
"sha256:ff2d3-r2j-00080","15794.489122429091"
"sha256:ff2d3-r2j-00081","29054.34022598095"
"sha256:ff2d3-r2j-00082","29079.282552526667"
"sha256:ff2d3-r2j-00083","29054.34022598095"
"sha256:ff2d3-r2j-00084","29054.34022598095"
"sha256:ff2d3-r2j-00085","-7209.319300202755"
"sha256:ff2d3-r2j-00086","24384.121274138073"
"sha256:ff2d3-r2j-00087","29054.34022598095"
"sha256:ff2d3-r2j-00088","29054.34022598095"
"sha256:ff2d3-r2j-00089","13376.38449161854"
"sha256:ff2d3-r2j-00090","16143.031304289441"
"sha256:ff2d3-r2j-00091","19007.939004557993"
"sha256:ff2d3-r2j-00092","20416.380653239634"
"sha256:ff2d3-r2j-00093","29054.34022598095"
"sha256:ff2d3-r2j-00094","38381.13699337635"
"sha256:ff2d3-r2j-00095","18370.289764933972"
"sha256:ff2d3-r2j-00096","9902.784263542373"
"sha256:ff2d3-r2j-00097","16879.36194661465"
"sha256:ff2d3-r2j-00098","29054.34022598095"
"sha256:ff2d3-r2j-00099","54196.75732155018"
"sha256:ff2d3-r2j-00100","25559.328975798227"
"sha256:ff2d3-r2j-00101","25818.057496257214"
"sha256:ff2d3-r2j-00102","29054.34022598095"
"sha256:ff2d3-r2j-00103","15601.49527208729"
"sha256:ff2d3-r2j-00104","66514.3989792532"
"sha256:ff2d3-r2j-00105","2094.715606657599"
"sha256:ff2d3-r2j-00106","-24335.692912141225"
"sha256:ff2d3-r2j-00107","-9013.49218335704"
"sha256:ff2d3-r2j-00108","11447.895738063242"
"sha256:ff2d3-r2j-00109","27438.010309147838"
"sha256:ff2d3-r2j-00110","8583.975965083504"
"sha256:ff2d3-r2j-00111","29054.34022598095"
"sha256:ff2d3-r2j-00112","29054.34022598095"
"sha256:ff2d3-r2j-00113","28975.846937272843"
"sha256:ff2d3-r2j-00114","-4090.768384333598"
"sha256:ff2d3-r2j-00115","34771.20624713726"
"sha256:ff2d3-r2j-00116","11591.372958571053"
"sha256:ff2d3-r2j-00117","30232.904995817757"
"sha256:ff2d3-r2j-00118","57369.47070055409"
"sha256:ff2d3-r2j-00119","14635.892224089243"
"sha256:ff2d3-r2j-00120","34187.33898334332"
"sha256:ff2d3-r2j-00121","27516.33979987049"
"sha256:ff2d3-r2j-00122","37662.39757902089"
"sha256:ff2d3-r2j-00123","19274.435687727928"
"sha256:ff2d3-r2j-00124","58996.15120392323"
"sha256:ff2d3-r2j-00125","28855.955727189837"
"sha256:ff2d3-r2j-00126","29054.34022598095"
"sha256:ff2d3-r2j-00127","14632.841927360729"
"sha256:ff2d3-r2j-00128","53792.3567870657"
"sha256:ff2d3-r2j-00129","29054.34022598095"
"sha256:ff2d3-r2j-00130","17726.440630534555"
"sha256:ff2d3-r2j-00131","38279.205741423226"
"sha256:ff2d3-r2j-00132","20746.763029062084"
"sha256:ff2d3-r2j-00133","-32743.367468186756"
"sha256:ff2d3-r2j-00134","58103.820499528694"
"sha256:ff2d3-r2j-00135","29054.34022598095"
"sha256:ff2d3-r2j-00136","45150.688656169325"
"sha256:ff2d3-r2j-00137","12080.420528988841"
"sha256:ff2d3-r2j-00138","26240.98097242909"
"sha256:ff2d3-r2j-00139","25985.498454020886"
"sha256:ff2d3-r2j-00140","72790.57519596425"
"sha256:ff2d3-r2j-00141","29054.34022598095"
"sha256:ff2d3-r2j-00142","27970.984973801234"
"sha256:ff2d3-r2j-00143","24605.832726237684"
"sha256:ff2d3-r2j-00144","17276.541590153705"
"sha256:ff2d3-r2j-00145","26202.05963536854"
"sha256:ff2d3-r2j-00146","49983.55544009304"
"sha256:ff2d3-r2j-00147","53340.776634514055"
"sha256:ff2d3-r2j-00148","30913.446203093154"
"sha256:ff2d3-r2j-00149","19247.782762077535"
"sha256:ff2d3-r2j-00150","29054.34022598095"
"sha256:ff2d3-r2j-00151","21646.461933415412"
"sha256:ff2d3-r2j-00152","29054.34022598095"
"sha256:ff2d3-r2j-00153","63756.22402609119"
"sha256:ff2d3-r2j-00154","20201.35234606189"
"sha256:ff2d3-r2j-00155","6631.243024165538"
"sha256:ff2d3-r2j-00156","27616.4178164362"
"sha256:ff2d3-r2j-00157","30146.994252263074"
"sha256:ff2d3-r2j-00158","10628.768868376355"
"sha256:ff2d3-r2j-00159","55745.78504025136"
"sha256:ff2d3-r2j-00160","14907.45347267323"
"sha256:ff2d3-r2j-00161","38720.77603693104"
"sha256:ff2d3-r2j-00162","6865.328691890147"
"sha256:ff2d3-r2j-00163","29054.34022598095"
"sha256:ff2d3-r2j-00164","29054.34022598095"
"sha256:ff2d3-r2j-00165","22104.632494352918"
"sha256:ff2d3-r2j-00166","29054.34022598095"
"sha256:ff2d3-r2j-00167","9673.350160531809"
"sha256:ff2d3-r2j-00168","26430.261680290416"
"sha256:ff2d3-r2j-00169","25460.26547394276"
"sha256:ff2d3-r2j-00170","45342.22296300526"
"sha256:ff2d3-r2j-00171","6759.408690983775"
"sha256:ff2d3-r2j-00172","37012.36142223378"
"sha256:ff2d3-r2j-00173","46153.99619362049"
"sha256:ff2d3-r2j-00174","23508.43750436764"
"sha256:ff2d3-r2j-00175","20254.805408757216"
"sha256:ff2d3-r2j-00176","29054.34022598095"
"sha256:ff2d3-r2j-00177","47454.07780001698"
"sha256:ff2d3-r2j-00178","29760.406986997798"
"sha256:ff2d3-r2j-00179","29054.34022598095"
"sha256:ff2d3-r2j-00180","52122.467603630255"
"sha256:ff2d3-r2j-00181","-8629.605376081643"
"sha256:ff2d3-r2j-00182","-12518.994026821703"
"sha256:ff2d3-r2j-00183","-25922.501858064075"
"sha256:ff2d3-r2j-00184","33995.253412054255"
"sha256:ff2d3-r2j-00185","29054.34022598095"
"sha256:ff2d3-r2j-00186","63914.207435661505"
"sha256:ff2d3-r2j-00187","52063.23683658925"
"sha256:ff2d3-r2j-00188","-8551.182419758414"
"sha256:ff2d3-r2j-00189","8033.7244971529035"
"sha256:ff2d3-r2j-00190","29054.34022598095"
"sha256:ff2d3-r2j-00191","29193.442632482722"
"sha256:ff2d3-r2j-00192","21413.281749800302"
"sha256:ff2d3-r2j-00193","26044.580003074076"
"sha256:ff2d3-r2j-00194","47084.964350651746"
"sha256:ff2d3-r2j-00195","16438.509422624396"
"sha256:ff2d3-r2j-00196","29054.34022598095"
"sha256:ff2d3-r2j-00197","31712.896335222056"
"sha256:ff2d3-r2j-00198","30226.992083957484"
"sha256:ff2d3-r2j-00199","49024.59442111073"
"sha256:ff2d3-r2j-00200","29054.34022598095"
"sha256:ff2d3-r2j-00201","29054.34022598095"
"sha256:ff2d3-r2j-00202","44106.11867311268"
"sha256:ff2d3-r2j-00203","10240.807802646068"
"sha256:ff2d3-r2j-00204","29054.34022598095"
"sha256:ff2d3-r2j-00205","25617.97880875721"
"sha256:ff2d3-r2j-00206","1016.9443716966634"
"sha256:ff2d3-r2j-00207","29054.34022598095"
"sha256:ff2d3-r2j-00208","27232.360621811105"
"sha256:ff2d3-r2j-00209","29054.34022598095"
"sha256:ff2d3-r2j-00210","-17167.284451615713"
"sha256:ff2d3-r2j-00211","29054.34022598095"
"sha256:ff2d3-r2j-00212","46304.324861955465"
"sha256:ff2d3-r2j-00213","41726.345714621544"
"sha256:ff2d3-r2j-00214","46114.42915323963"
"sha256:ff2d3-r2j-00215","26191.393635222055"
"sha256:ff2d3-r2j-00216","28250.782439665418"
"sha256:ff2d3-r2j-00217","30833.683529069713"
"sha256:ff2d3-r2j-00218","17701.426783464252"
"sha256:ff2d3-r2j-00219","29427.81615929432"
"sha256:ff2d3-r2j-00220","22208.388456315806"
"sha256:ff2d3-r2j-00221","23530.30272135487"
"sha256:ff2d3-r2j-00222","29054.34022598095"
"sha256:ff2d3-r2j-00223","57195.915758513074"
"sha256:ff2d3-r2j-00224","16105.095693718147"
"sha256:ff2d3-r2j-00225","57607.73206710682"
"sha256:ff2d3-r2j-00226","44902.42348529148"
"sha256:ff2d3-r2j-00227","62445.65491578846"
"sha256:ff2d3-r2j-00228","35488.93952482167"
"sha256:ff2d3-r2j-00229","24995.46914632168"
"sha256:ff2d3-r2j-00230","29054.34022598095"
"sha256:ff2d3-r2j-00231","28167.15837376423"
"sha256:ff2d3-r2j-00232","21200.563604927258"
"sha256:ff2d3-r2j-00233","22855.34783434315"
"sha256:ff2d3-r2j-00234","-716.6205531568412"
"sha256:ff2d3-r2j-00235","29054.34022598095"
"sha256:ff2d3-r2j-00236","45379.674574040415"
"sha256:ff2d3-r2j-00237","82237.91440958729"
"sha256:ff2d3-r2j-00238","29976.132084654048"
"sha256:ff2d3-r2j-00239","8242.843446696665"
"sha256:ff2d3-r2j-00240","35725.29064349957"
"sha256:ff2d3-r2j-00241","8043.431752060129"
"sha256:ff2d3-r2j-00242","34766.703284527015"
"sha256:ff2d3-r2j-00243","36457.959273796274"
"sha256:ff2d3-r2j-00244","29510.479764133266"
"sha256:ff2d3-r2j-00245","30500.007039831355"
"sha256:ff2d3-r2j-00246","50512.82660963612"
"sha256:ff2d3-r2j-00247","29054.34022598095"
"sha256:ff2d3-r2j-00248","22576.18649413624"
"sha256:ff2d3-r2j-00249","34160.49074171619"
"sha256:ff2d3-r2j-00250","29054.34022598095"
"sha256:ff2d3-r2j-00251","57964.51805875721"
"sha256:ff2d3-r2j-00252","15530.23105975056"
"sha256:ff2d3-r2j-00253","25124.479264030655"
"sha256:ff2d3-r2j-00254","29054.34022598095"
"sha256:ff2d3-r2j-00255","64544.694505485735"
"sha256:ff2d3-r2j-00256","39095.247571745494"
"sha256:ff2d3-r2j-00257","26506.23343224355"
"sha256:ff2d3-r2j-00258","29556.34234438992"
"sha256:ff2d3-r2j-00259","21245.437229753305"
"sha256:ff2d3-r2j-00260","24370.03459479237"
"sha256:ff2d3-r2j-00261","4632.314064567763"
"sha256:ff2d3-r2j-00262","8613.94856002675"
"sha256:ff2d3-r2j-00263","18358.193430485728"
"sha256:ff2d3-r2j-00264","29054.34022598095"
"sha256:ff2d3-r2j-00265","6152.035128581432"
"sha256:ff2d3-r2j-00266","29054.34022598095"
"sha256:ff2d3-r2j-00267","-3973.01834385204"
"sha256:ff2d3-r2j-00268","29054.34022598095"
"sha256:ff2d3-r2j-00269","27726.288983365823"
"sha256:ff2d3-r2j-00270","30738.795892523005"
"sha256:ff2d3-r2j-00271","10463.585487883189"
"sha256:ff2d3-r2j-00272","29054.34022598095"
"sha256:ff2d3-r2j-00273","43972.904011052146"
"sha256:ff2d3-r2j-00274","-1053.042488508414"
"sha256:ff2d3-r2j-00275","1512.359618989758"
"sha256:ff2d3-r2j-00276","58436.77658675633"
"sha256:ff2d3-r2j-00277","17534.802048845107"
"sha256:ff2d3-r2j-00278","33915.71959322987"
"sha256:ff2d3-r2j-00279","16851.570662251477"
"sha256:ff2d3-r2j-00280","29054.34022598095"
"sha256:ff2d3-r2j-00281","25703.348560270882"
"sha256:ff2d3-r2j-00282","43189.67296771832"
"sha256:ff2d3-r2j-00283","29054.34022598095"
"sha256:ff2d3-r2j-00284","26169.156601620678"
"sha256:ff2d3-r2j-00285","22281.692968766976"
"sha256:ff2d3-r2j-00286","25371.70113717518"
"sha256:ff2d3-r2j-00287","41239.516136125385"
"sha256:ff2d3-r2j-00288","33265.1411836607"
"sha256:ff2d3-r2j-00289","4513.5276647142455"
"sha256:ff2d3-r2j-00290","44572.1742471529"
"sha256:ff2d3-r2j-00291","29054.34022598095"
"sha256:ff2d3-r2j-00292","29054.34022598095"
"sha256:ff2d3-r2j-00293","8048.346622505382"
"sha256:ff2d3-r2j-00294","25894.37404152088"
"sha256:ff2d3-r2j-00295","-3696.765470211598"
"sha256:ff2d3-r2j-00296","7369.193520004468"
"sha256:ff2d3-r2j-00297","28782.233452995497"
"sha256:ff2d3-r2j-00298","29054.34022598095"
"sha256:ff2d3-r2j-00299","29054.34022598095"
"sha256:ff2d3-r2j-00300","18255.15925465565"
"sha256:ff2d3-r2j-00301","29054.34022598095"
"sha256:ff2d3-r2j-00302","33087.74388157673"
"sha256:ff2d3-r2j-00303","-15781.863019163313"
"sha256:ff2d3-r2j-00304","29054.34022598095"
"sha256:ff2d3-r2j-00305","29054.34022598095"
"sha256:ff2d3-r2j-00306","-10073.579247053334"
"sha256:ff2d3-r2j-00307","-4817.436645783804"
"sha256:ff2d3-r2j-00308","-7805.921341511348"
"sha256:ff2d3-r2j-00309","41794.279737468154"
"sha256:ff2d3-r2j-00310","35732.46257975331"
"sha256:ff2d3-r2j-00311","29054.34022598095"
"sha256:ff2d3-r2j-00312","29054.34022598095"
"sha256:ff2d3-r2j-00313","7233.381995218089"
"sha256:ff2d3-r2j-00314","52981.31929917507"
"sha256:ff2d3-r2j-00315","29054.34022598095"
"sha256:ff2d3-r2j-00316","29054.34022598095"
"sha256:ff2d3-r2j-00317","29054.34022598095"
"sha256:ff2d3-r2j-00318","29054.34022598095"
"sha256:ff2d3-r2j-00319","50321.70794007664"
"sha256:ff2d3-r2j-00320","39852.5891569994"
"sha256:ff2d3-r2j-00321","32562.48607806988"
"sha256:ff2d3-r2j-00322","21570.30284197712"
"sha256:ff2d3-r2j-00323","39319.403560124396"
"sha256:ff2d3-r2j-00324","15230.237812712294"
"sha256:ff2d3-r2j-00325","48891.11839676609"
"sha256:ff2d3-r2j-00326","29054.34022598095"
"sha256:ff2d3-r2j-00327","45384.72395480213"
"sha256:ff2d3-r2j-00328","29054.34022598095"
"sha256:ff2d3-r2j-00329","39711.00291490956"
"sha256:ff2d3-r2j-00330","29886.378464621546"
"sha256:ff2d3-r2j-00331","29054.34022598095"
"sha256:ff2d3-r2j-00332","31553.917424235726"
"sha256:ff2d3-r2j-00333","39889.2805210619"
"sha256:ff2d3-r2j-00334","27165.548063209728"
"sha256:ff2d3-r2j-00335","37950.82042865582"
"sha256:ff2d3-r2j-00336","14031.12508300343"
"sha256:ff2d3-r2j-00337","9184.849404753317"
"sha256:ff2d3-r2j-00338","29054.34022598095"
"sha256:ff2d3-r2j-00339","23325.415479860116"
"sha256:ff2d3-r2j-00340","22951.46516666737"
"sha256:ff2d3-r2j-00341","29054.34022598095"
"sha256:ff2d3-r2j-00342","31280.745965765193"
"sha256:ff2d3-r2j-00343","14129.255871013083"
"sha256:ff2d3-r2j-00344","29054.34022598095"
"sha256:ff2d3-r2j-00345","8386.039838005265"
"sha256:ff2d3-r2j-00346","-8169.823058967391"
"sha256:ff2d3-r2j-00347","13153.062894035538"
"sha256:ff2d3-r2j-00348","23120.151810385323"
"sha256:ff2d3-r2j-00349","41733.53906432362"
"sha256:ff2d3-r2j-00350","29054.34022598095"
"sha256:ff2d3-r2j-00351","36182.475910270885"
"sha256:ff2d3-r2j-00352","31798.22938409901"
"sha256:ff2d3-r2j-00353","29054.34022598095"
"sha256:ff2d3-r2j-00354","32169.003643010146"
"sha256:ff2d3-r2j-00355","-5834.550787873639"
"sha256:ff2d3-r2j-00356","29054.34022598095"
"sha256:ff2d3-r2j-00357","29054.34022598095"
"sha256:ff2d3-r2j-00358","41027.8927366869"
"sha256:ff2d3-r2j-00359","45444.07464405995"
"sha256:ff2d3-r2j-00360","29054.34022598095"
"sha256:ff2d3-r2j-00361","29054.34022598095"
"sha256:ff2d3-r2j-00362","39291.46230294667"
"sha256:ff2d3-r2j-00363","14756.704617985743"
"sha256:ff2d3-r2j-00364","29054.34022598095"
"sha256:ff2d3-r2j-00365","45908.15078331776"
"sha256:ff2d3-r2j-00366","26717.2466757494"
"sha256:ff2d3-r2j-00367","9430.200893400775"
"sha256:ff2d3-r2j-00368","55511.81151694851"
"sha256:ff2d3-r2j-00369","76719.24090416737"
"sha256:ff2d3-r2j-00370","37554.40383336659"
"sha256:ff2d3-r2j-00371","22013.318216732983"
"sha256:ff2d3-r2j-00372","23815.99130702381"
"sha256:ff2d3-r2j-00373","27893.715305290418"
"sha256:ff2d3-r2j-00374","42985.34026500721"
"sha256:ff2d3-r2j-00375","37827.122692595105"
"sha256:ff2d3-r2j-00376","12803.448683540537"
"sha256:ff2d3-r2j-00377","29054.34022598095"
"sha256:ff2d3-r2j-00378","13913.376619272043"
"sha256:ff2d3-r2j-00379","25294.52147030392"
"sha256:ff2d3-r2j-00380","-2915.0641109693534"
"sha256:ff2d3-r2j-00381","5730.00300319081"
"sha256:ff2d3-r2j-00382","19882.19312316151"
"sha256:ff2d3-r2j-00383","15435.773896078685"
"sha256:ff2d3-r2j-00384","13898.871868474016"
"sha256:ff2d3-r2j-00385","62086.42814244862"
"sha256:ff2d3-r2j-00386","34637.26078683339"
"sha256:ff2d3-r2j-00387","15682.137134359935"
"sha256:ff2d3-r2j-00388","30560.0681839037"
"sha256:ff2d3-r2j-00389","16951.42447086659"
"sha256:ff2d3-r2j-00390","30164.667884836388"
"sha256:ff2d3-r2j-00391","20024.77760172596"
"sha256:ff2d3-r2j-00392","25580.22659108143"
"sha256:ff2d3-r2j-00393","31261.70573171139"
"sha256:ff2d3-r2j-00394","25945.500473552136"
"sha256:ff2d3-r2j-00395","-10472.215810407826"
"sha256:ff2d3-r2j-00396","29054.34022598095"
"sha256:ff2d3-r2j-00397","67201.32714860096"
"sha256:ff2d3-r2j-00398","30634.762755258373"
"sha256:ff2d3-r2j-00399","29054.34022598095"
"sha256:ff2d3-r2j-00400","38271.23395545369"
"sha256:ff2d3-r2j-00401","51292.33606652088"
"sha256:ff2d3-r2j-00402","29054.34022598095"
"sha256:ff2d3-r2j-00403","29054.34022598095"
"sha256:ff2d3-r2j-00404","-13397.982747384449"
"sha256:ff2d3-r2j-00405","2731.7013087083906"
"sha256:ff2d3-r2j-00406","29964.29889850445"
"sha256:ff2d3-r2j-00407","29054.34022598095"
"sha256:ff2d3-r2j-00408","4247.397987014963"
"sha256:ff2d3-r2j-00409","-708.1183747388859"
"sha256:ff2d3-r2j-00410","79465.86689591542"
"sha256:ff2d3-r2j-00411","27595.586896306042"
"sha256:ff2d3-r2j-00412","42719.86374718495"
"sha256:ff2d3-r2j-00413","29054.34022598095"
"sha256:ff2d3-r2j-00414","29459.188622702983"
"sha256:ff2d3-r2j-00415","12650.828574594314"
"sha256:ff2d3-r2j-00416","27799.927573567773"
"sha256:ff2d3-r2j-00417","29054.34022598095"
"sha256:ff2d3-r2j-00418","11168.841538542372"
"sha256:ff2d3-r2j-00419","29054.34022598095"
"sha256:ff2d3-r2j-00420","19486.460192106824"
"sha256:ff2d3-r2j-00421","20336.271774601933"
"sha256:ff2d3-r2j-00422","-4724.371656501578"
"sha256:ff2d3-r2j-00423","28183.035713139918"
"sha256:ff2d3-r2j-00424","26660.099175325588"
"sha256:ff2d3-r2j-00425","21800.03698414784"
"sha256:ff2d3-r2j-00426","48246.94114215565"
"sha256:ff2d3-r2j-00427","29054.34022598095"
"sha256:ff2d3-r2j-00428","27355.955136735727"
"sha256:ff2d3-r2j-00429","29054.34022598095"
"sha256:ff2d3-r2j-00430","33467.44020641346"
"sha256:ff2d3-r2j-00431","6137.7218819017435"
"sha256:ff2d3-r2j-00432","19799.697238640023"
"sha256:ff2d3-r2j-00433","29054.34022598095"
"sha256:ff2d3-r2j-00434","42036.354973443034"
"sha256:ff2d3-r2j-00435","29054.34022598095"
"sha256:ff2d3-r2j-00436","17879.544297575572"
"sha256:ff2d3-r2j-00437","69386.23367819081"
"sha256:ff2d3-r2j-00438","29054.34022598095"
"sha256:ff2d3-r2j-00439","29054.34022598095"
"sha256:ff2d3-r2j-00440","21366.44220519277"
"sha256:ff2d3-r2j-00441","58953.24381090565"
"sha256:ff2d3-r2j-00442","34999.54455333729"
"sha256:ff2d3-r2j-00443","22284.392394108774"
"sha256:ff2d3-r2j-00444","29054.34022598095"
"sha256:ff2d3-r2j-00445","24400.367983383374"
"sha256:ff2d3-r2j-00446","45444.07658563328"
"sha256:ff2d3-r2j-00447","39035.333449821665"
"sha256:ff2d3-r2j-00448","34661.95590607167"
"sha256:ff2d3-r2j-00449","15938.441139323622"
"sha256:ff2d3-r2j-00450","29900.180990026667"
"sha256:ff2d3-r2j-00451","14780.216993864633"
"sha256:ff2d3-r2j-00452","21154.072741081432"
"sha256:ff2d3-r2j-00453","29054.34022598095"
"sha256:ff2d3-r2j-00454","18076.25682755604"
"sha256:ff2d3-r2j-00455","33923.980700444605"
"sha256:ff2d3-r2j-00456","7878.606986784558"
"sha256:ff2d3-r2j-00457","29054.34022598095"
"sha256:ff2d3-r2j-00458","21164.035148185925"
"sha256:ff2d3-r2j-00459","29054.34022598095"
"sha256:ff2d3-r2j-00460","54137.80865363903"
"sha256:ff2d3-r2j-00461","58588.066559440806"
"sha256:ff2d3-r2j-00462","32292.233158872798"
"sha256:ff2d3-r2j-00463","40064.51844879627"
"sha256:ff2d3-r2j-00464","29125.873739050105"
"sha256:ff2d3-r2j-00465","29054.34022598095"
"sha256:ff2d3-r2j-00466","12936.122942814822"
"sha256:ff2d3-r2j-00467","30303.590580747798"
"sha256:ff2d3-r2j-00468","29054.34022598095"
"sha256:ff2d3-r2j-00469","20077.06678695851"
"sha256:ff2d3-r2j-00470","11759.892456950569"
"sha256:ff2d3-r2j-00471","37362.40137267323"
"sha256:ff2d3-r2j-00472","54553.18473453846"
"sha256:ff2d3-r2j-00473","44166.704353923225"
"sha256:ff2d3-r2j-00474","3853.8228498491335"
"sha256:ff2d3-r2j-00475","-1374.6968690580325"
"sha256:ff2d3-r2j-00476","23742.939487712298"
"sha256:ff2d3-r2j-00477","24093.952596257208"
"sha256:ff2d3-r2j-00478","29054.34022598095"
"sha256:ff2d3-r2j-00479","39359.431650754355"
"sha256:ff2d3-r2j-00480","36300.81213326893"
"sha256:ff2d3-r2j-00481","24041.025721330458"
"sha256:ff2d3-r2j-00482","21720.100412126354"
"sha256:ff2d3-r2j-00483","29054.34022598095"
"sha256:ff2d3-r2j-00484","29054.34022598095"
"sha256:ff2d3-r2j-00485","17940.314905632215"
"sha256:ff2d3-r2j-00486","29054.34022598095"
"sha256:ff2d3-r2j-00487","17125.913611198615"
"sha256:ff2d3-r2j-00488","29054.34022598095"
"sha256:ff2d3-r2j-00489","13979.379913054087"
"sha256:ff2d3-r2j-00490","11279.349995866589"
"sha256:ff2d3-r2j-00491","17826.214380143938"
"sha256:ff2d3-r2j-00492","12058.997441838263"
"sha256:ff2d3-r2j-00493","-4690.164274836527"
"sha256:ff2d3-r2j-00494","7948.684270552258"
"sha256:ff2d3-r2j-00495","18752.281118425177"
"sha256:ff2d3-r2j-00496","43819.28949679432"
"sha256:ff2d3-r2j-00497","20700.96064606191"
"sha256:ff2d3-r2j-00498","29114.927394187358"
"sha256:ff2d3-r2j-00499","46027.43752457753"
"sha256:ff2d3-r2j-00500","29054.34022598095"
"sha256:ff2d3-r2j-00501","40573.58654193707"
"sha256:ff2d3-r2j-00502","27686.600053157617"
"sha256:ff2d3-r2j-00503","38867.96002082653"
"sha256:ff2d3-r2j-00504","23713.837345573615"
"sha256:ff2d3-r2j-00505","59143.556334303095"
"sha256:ff2d3-r2j-00506","29054.34022598095"
"sha256:ff2d3-r2j-00507","24844.244692399792"
"sha256:ff2d3-r2j-00508","-4453.41367700939"
"sha256:ff2d3-r2j-00509","17795.88313147793"
"sha256:ff2d3-r2j-00510","25119.958605827524"
"sha256:ff2d3-r2j-00511","17291.32900343495"
"sha256:ff2d3-r2j-00512","24048.636875847056"
"sha256:ff2d3-r2j-00513","54223.72672466336"
"sha256:ff2d3-r2j-00514","29054.34022598095"
"sha256:ff2d3-r2j-00515","29054.34022598095"
"sha256:ff2d3-r2j-00516","29054.34022598095"
"sha256:ff2d3-r2j-00517","55972.542164665414"
"sha256:ff2d3-r2j-00518","-2061.9889209791145"
"sha256:ff2d3-r2j-00519","36071.988904313854"
"sha256:ff2d3-r2j-00520","29054.34022598095"
"sha256:ff2d3-r2j-00521","29366.020623968318"
"sha256:ff2d3-r2j-00522","8791.896838559154"
"sha256:ff2d3-r2j-00523","31679.82004791737"
"sha256:ff2d3-r2j-00524","37668.568714860725"
"sha256:ff2d3-r2j-00525","21688.237765495494"
"sha256:ff2d3-r2j-00526","2975.0695645677624"
"sha256:ff2d3-r2j-00527","29054.34022598095"
"sha256:ff2d3-r2j-00528","58863.13580207653"
"sha256:ff2d3-r2j-00529","29054.34022598095"
"sha256:ff2d3-r2j-00530","48740.69195442028"
"sha256:ff2d3-r2j-00531","24953.21598160878"
"sha256:ff2d3-r2j-00532","29416.452962682917"
"sha256:ff2d3-r2j-00533","29054.34022598095"
"sha256:ff2d3-r2j-00534","18963.102163276864"
"sha256:ff2d3-r2j-00535","29054.34022598095"
"sha256:ff2d3-r2j-00536","29054.34022598095"
"sha256:ff2d3-r2j-00537","79854.49007067128"
"sha256:ff2d3-r2j-00538","15940.025562375453"
"sha256:ff2d3-r2j-00539","31300.691235368533"
"sha256:ff2d3-r2j-00540","25158.752900325588"
"sha256:ff2d3-r2j-00541","29054.34022598095"
"sha256:ff2d3-r2j-00542","18211.214103093153"
"sha256:ff2d3-r2j-00543","29054.34022598095"
"sha256:ff2d3-r2j-00544","51274.381686382105"
"sha256:ff2d3-r2j-00545","29054.34022598095"
"sha256:ff2d3-r2j-00546","12372.51506559315"
"sha256:ff2d3-r2j-00547","43496.50861163808"
"sha256:ff2d3-r2j-00548","34376.438459831435"
"sha256:ff2d3-r2j-00549","17392.41558502674"
"sha256:ff2d3-r2j-00550","34313.11463795643"
"sha256:ff2d3-r2j-00551","24445.903083589365"
"sha256:ff2d3-r2j-00552","29054.34022598095"
"sha256:ff2d3-r2j-00553","29054.34022598095"
"sha256:ff2d3-r2j-00554","35656.43404635487"
"sha256:ff2d3-r2j-00555","33686.562005804255"
"sha256:ff2d3-r2j-00556","29054.34022598095"
"sha256:ff2d3-r2j-00557","19349.960423454475"
"sha256:ff2d3-r2j-00558","29054.34022598095"
"sha256:ff2d3-r2j-00559","31181.38719659901"
"sha256:ff2d3-r2j-00560","29054.34022598095"
"sha256:ff2d3-r2j-00561","19624.950161763194"
"sha256:ff2d3-r2j-00562","27466.25687467518"
"sha256:ff2d3-r2j-00563","38280.01198453846"
"sha256:ff2d3-r2j-00564","-1848.2547920240322"
"sha256:ff2d3-r2j-00565","30204.93462482166"
"sha256:ff2d3-r2j-00566","34332.29381732769"
"sha256:ff2d3-r2j-00567","29054.34022598095"
"sha256:ff2d3-r2j-00568","23763.718020492746"
"sha256:ff2d3-r2j-00569","26394.012805485727"
"sha256:ff2d3-r2j-00570","26745.082817134287"
"sha256:ff2d3-r2j-00571","23007.706683464246"
"sha256:ff2d3-r2j-00572","19122.879054509176"
"sha256:ff2d3-r2j-00573","35601.41070968495"
"sha256:ff2d3-r2j-00574","6511.660201579478"
"sha256:ff2d3-r2j-00575","22834.655588054084"
"sha256:ff2d3-r2j-00576","33871.99779681988"
"sha256:ff2d3-r2j-00577","22655.63436857167"
"sha256:ff2d3-r2j-00578","17164.875651530645"
"sha256:ff2d3-r2j-00579","26894.090944368556"
"sha256:ff2d3-r2j-00580","61140.330329167366"
"sha256:ff2d3-r2j-00581","20097.424681022836"
"sha256:ff2d3-r2j-00582","12168.322039888193"
"sha256:ff2d3-r2j-00583","31897.337369401743"
"sha256:ff2d3-r2j-00584","21885.214711296278"
"sha256:ff2d3-r2j-00585","29991.837300602914"
"sha256:ff2d3-r2j-00586","33728.44752355214"
"sha256:ff2d3-r2j-00587","13312.381183090401"
"sha256:ff2d3-r2j-00588","31777.863041685298"
"sha256:ff2d3-r2j-00589","9022.155409671213"
"sha256:ff2d3-r2j-00590","63910.94952277966"
"sha256:ff2d3-r2j-00591","29054.34022598095"
"sha256:ff2d3-r2j-00592","-2796.1843012739155"
"sha256:ff2d3-r2j-00593","2259.1946042162017"
"sha256:ff2d3-r2j-00594","29054.34022598095"
"sha256:ff2d3-r2j-00595","44170.32170831776"
"sha256:ff2d3-r2j-00596","29054.34022598095"
"sha256:ff2d3-r2j-00597","17071.79637838612"
"sha256:ff2d3-r2j-00598","23042.963661833383"
"sha256:ff2d3-r2j-00599","12805.957107682989"
"sha256:ff2d3-r2j-00600","25029.39966744862"
"sha256:ff2d3-r2j-00601","32379.801732394983"
"sha256:ff2d3-r2j-00602","52822.776860014914"
"sha256:ff2d3-r2j-00603","13207.46623992634"
"sha256:ff2d3-r2j-00604","37628.98054054432"
"sha256:ff2d3-r2j-00605","29054.34022598095"
"sha256:ff2d3-r2j-00606","-8594.228558430288"
"sha256:ff2d3-r2j-00607","12584.265543489648"
"sha256:ff2d3-r2j-00608","4445.137239937023"
"sha256:ff2d3-r2j-00609","27507.441738151745"
"sha256:ff2d3-r2j-00610","19574.434100229075"
"sha256:ff2d3-r2j-00611","23875.94140384121"
"sha256:ff2d3-r2j-00612","55040.07650763416"
"sha256:ff2d3-r2j-00613","19492.618031698803"
"sha256:ff2d3-r2j-00614","12671.180320768937"
"sha256:ff2d3-r2j-00615","31049.5576292162"
"sha256:ff2d3-r2j-00616","-6164.177752863878"
"sha256:ff2d3-r2j-00617","29054.34022598095"
"sha256:ff2d3-r2j-00618","-24537.97699839306"
"sha256:ff2d3-r2j-00619","29054.34022598095"
"sha256:ff2d3-r2j-00620","4252.04948966542"
"sha256:ff2d3-r2j-00621","37247.5190745287"
"sha256:ff2d3-r2j-00622","31118.771154519847"
"sha256:ff2d3-r2j-00623","35868.07358673573"
"sha256:ff2d3-r2j-00624","23139.318775041393"
"sha256:ff2d3-r2j-00625","42192.388133683984"
"sha256:ff2d3-r2j-00626","2631.334146786692"
"sha256:ff2d3-r2j-00627","38223.163198259164"
"sha256:ff2d3-r2j-00628","56818.10700206776"
"sha256:ff2d3-r2j-00629","61816.54512906971"
"sha256:ff2d3-r2j-00630","35157.59411029644"
"sha256:ff2d3-r2j-00631","31519.310795591548"
"sha256:ff2d3-r2j-00632","29054.34022598095"
"sha256:ff2d3-r2j-00633","41512.16325714589"
"sha256:ff2d3-r2j-00634","16928.6721248003"
"sha256:ff2d3-r2j-00635","29054.34022598095"
"sha256:ff2d3-r2j-00636","42520.384435124404"
"sha256:ff2d3-r2j-00637","-3676.4136330121983"
"sha256:ff2d3-r2j-00638","20853.549309929087"
"sha256:ff2d3-r2j-00639","13087.179238640027"
"sha256:ff2d3-r2j-00640","24940.362762419318"
"sha256:ff2d3-r2j-00641","31526.678786410717"
"sha256:ff2d3-r2j-00642","29054.34022598095"
"sha256:ff2d3-r2j-00643","29054.34022598095"
"sha256:ff2d3-r2j-00644","29054.34022598095"
"sha256:ff2d3-r2j-00645","22484.987074094202"
"sha256:ff2d3-r2j-00646","-1738.1256495435664"
"sha256:ff2d3-r2j-00647","30064.26342644978"
"sha256:ff2d3-r2j-00648","29054.34022598095"
"sha256:ff2d3-r2j-00649","29054.34022598095"
"sha256:ff2d3-r2j-00650","25344.51432850056"
"sha256:ff2d3-r2j-00651","2538.015275041398"
"sha256:ff2d3-r2j-00652","33427.826699821664"
"sha256:ff2d3-r2j-00653","50909.29930743885"
"sha256:ff2d3-r2j-00654","29054.34022598095"
"sha256:ff2d3-r2j-00655","29011.413725130275"
"sha256:ff2d3-r2j-00656","29054.34022598095"
"sha256:ff2d3-r2j-00657","7045.609551188856"
"sha256:ff2d3-r2j-00658","21205.406223405647"
"sha256:ff2d3-r2j-00659","44576.86628714696"
"sha256:ff2d3-r2j-00660","27785.534246940042"
"sha256:ff2d3-r2j-00661","22080.23217242909"
"sha256:ff2d3-r2j-00662","63869.508541227915"
"sha256:ff2d3-r2j-00663","31567.171932585337"
"sha256:ff2d3-r2j-00664","35501.20433180409"
"sha256:ff2d3-r2j-00665","19103.222148063855"
"sha256:ff2d3-r2j-00666","49901.06438448964"
"sha256:ff2d3-r2j-00667","26655.2214767046"
"sha256:ff2d3-r2j-00668","34968.02016090565"
"sha256:ff2d3-r2j-00669","19133.482364421274"
"sha256:ff2d3-r2j-00670","19920.531123747453"
"sha256:ff2d3-r2j-00671","31538.593480485728"
"sha256:ff2d3-r2j-00672","32631.68257472401"
"sha256:ff2d3-r2j-00673","28816.28999524746"
"sha256:ff2d3-r2j-00674","29956.07985624142"
"sha256:ff2d3-r2j-00675","43344.84395895252"
"sha256:ff2d3-r2j-00676","15983.306967378428"
"sha256:ff2d3-r2j-00677","64365.555264811905"
"sha256:ff2d3-r2j-00678","29054.34022598095"
"sha256:ff2d3-r2j-00679","29054.34022598095"
"sha256:ff2d3-r2j-00680","61140.37882462636"
"sha256:ff2d3-r2j-00681","28132.228445622444"
"sha256:ff2d3-r2j-00682","29054.34022598095"
"sha256:ff2d3-r2j-00683","8160.097380729872"
"sha256:ff2d3-r2j-00684","10945.338692839243"
"sha256:ff2d3-r2j-00685","42609.35654674549"
"sha256:ff2d3-r2j-00686","29054.34022598095"
"sha256:ff2d3-r2j-00687","25851.211321306044"
"sha256:ff2d3-r2j-00688","18846.79414503651"
"sha256:ff2d3-r2j-00689","47512.68721437245"
"sha256:ff2d3-r2j-00690","17095.097682682994"
"sha256:ff2d3-r2j-00691","-4957.924807436939"
"sha256:ff2d3-r2j-00692","26499.17386400624"
"sha256:ff2d3-r2j-00693","23279.05097814198"
"sha256:ff2d3-r2j-00694","1094.7488071702974"
"sha256:ff2d3-r2j-00695","31183.48705463238"
"sha256:ff2d3-r2j-00696","36951.024744890026"
"sha256:ff2d3-r2j-00697","64945.23109073963"
"sha256:ff2d3-r2j-00698","18238.741972624397"
"sha256:ff2d3-r2j-00699","29054.34022598095"
"sha256:ff2d3-r2j-00700","44567.720903569985"
"sha256:ff2d3-r2j-00701","29054.34022598095"
"sha256:ff2d3-r2j-00702","30475.72917047597"
"sha256:ff2d3-r2j-00703","18551.9254816576"
"sha256:ff2d3-r2j-00704","23514.424933415416"
"sha256:ff2d3-r2j-00705","29054.34022598095"
"sha256:ff2d3-r2j-00706","36929.46260157948"
"sha256:ff2d3-r2j-00707","29054.34022598095"
"sha256:ff2d3-r2j-00708","27579.968187630275"
"sha256:ff2d3-r2j-00709","51648.51181007557"
"sha256:ff2d3-r2j-00710","32463.029057310298"
"sha256:ff2d3-r2j-00711","29054.34022598095"
"sha256:ff2d3-r2j-00712","34042.370427478985"
"sha256:ff2d3-r2j-00713","46306.48889503651"
"sha256:ff2d3-r2j-00714","30489.24243282948"
"sha256:ff2d3-r2j-00715","36365.698287614636"
"sha256:ff2d3-r2j-00716","29054.34022598095"
"sha256:ff2d3-r2j-00717","16179.123652702532"
"sha256:ff2d3-r2j-00718","50739.55485011463"
"sha256:ff2d3-r2j-00719","29054.34022598095"
"sha256:ff2d3-r2j-00720","29054.34022598095"
"sha256:ff2d3-r2j-00721","29054.34022598095"
"sha256:ff2d3-r2j-00722","38420.53488746815"
"sha256:ff2d3-r2j-00723","42673.214537428095"
"sha256:ff2d3-r2j-00724","9419.239285515025"
"sha256:ff2d3-r2j-00725","-1512.1556922681775"
"sha256:ff2d3-r2j-00726","29054.34022598095"
"sha256:ff2d3-r2j-00727","29054.34022598095"
"sha256:ff2d3-r2j-00728","43428.168019597055"
"sha256:ff2d3-r2j-00729","-11933.894257111926"
"sha256:ff2d3-r2j-00730","51052.614969194605"
"sha256:ff2d3-r2j-00731","23639.730181950574"
"sha256:ff2d3-r2j-00732","29054.34022598095"
"sha256:ff2d3-r2j-00733","14764.630461760142"
"sha256:ff2d3-r2j-00734","29054.34022598095"
"sha256:ff2d3-r2j-00735","29054.34022598095"
"sha256:ff2d3-r2j-00736","38195.19137311764"
"sha256:ff2d3-r2j-00737","-8209.787783479114"
"sha256:ff2d3-r2j-00738","29054.34022598095"
"sha256:ff2d3-r2j-00739","-8569.827809895127"
"sha256:ff2d3-r2j-00740","49182.218245085336"
"sha256:ff2d3-r2j-00741","21873.655459245492"
"sha256:ff2d3-r2j-00742","42829.363885759165"
"sha256:ff2d3-r2j-00743","10494.745711451917"
"sha256:ff2d3-r2j-00744","27811.051342138104"
"sha256:ff2d3-r2j-00745","36560.773009294324"
"sha256:ff2d3-r2j-00746","56183.54281813221"
"sha256:ff2d3-r2j-00747","29054.34022598095"
"sha256:ff2d3-r2j-00748","33073.914068376354"
"sha256:ff2d3-r2j-00749","37074.10656146832"
"sha256:ff2d3-r2j-00750","29054.34022598095"
"sha256:ff2d3-r2j-00751","47866.93384777088"
"sha256:ff2d3-r2j-00752","25401.05885568104"
"sha256:ff2d3-r2j-00753","31732.045103834345"
"sha256:ff2d3-r2j-00754","8823.858720036515"
"sha256:ff2d3-r2j-00755","29054.34022598095"
"sha256:ff2d3-r2j-00756","13382.413639546397"
"sha256:ff2d3-r2j-00757","27378.995612600902"
"sha256:ff2d3-r2j-00758","11514.753441597179"
"sha256:ff2d3-r2j-00759","33016.186299008375"
"sha256:ff2d3-r2j-00760","39626.054004216196"
"sha256:ff2d3-r2j-00761","29054.34022598095"
"sha256:ff2d3-r2j-00762","22750.20452526112"
"sha256:ff2d3-r2j-00763","29054.34022598095"
"sha256:ff2d3-r2j-00764","49820.16666349354"
"sha256:ff2d3-r2j-00765","20375.95175804921"
"sha256:ff2d3-r2j-00766","29054.34022598095"
"sha256:ff2d3-r2j-00767","38930.85191647206"
"sha256:ff2d3-r2j-00768","28620.094577409556"
"sha256:ff2d3-r2j-00769","29054.34022598095"
"sha256:ff2d3-r2j-00770","29054.34022598095"
"sha256:ff2d3-r2j-00771","31100.535025627338"
"sha256:ff2d3-r2j-00772","33684.05663577595"
"sha256:ff2d3-r2j-00773","29054.34022598095"
"sha256:ff2d3-r2j-00774","33167.698455436905"
"sha256:ff2d3-r2j-00775","32580.01781635113"
"sha256:ff2d3-r2j-00776","20829.589645845226"
"sha256:ff2d3-r2j-00777","24637.201769523803"
"sha256:ff2d3-r2j-00778","29054.34022598095"
"sha256:ff2d3-r2j-00779","29054.34022598095"
"sha256:ff2d3-r2j-00780","8274.76761061269"
"sha256:ff2d3-r2j-00781","27720.23932804432"
"sha256:ff2d3-r2j-00782","9235.524616911513"
"sha256:ff2d3-r2j-00783","51252.19981940174"
"sha256:ff2d3-r2j-00784","43840.702330396845"
"sha256:ff2d3-r2j-00785","46302.389610026745"
"sha256:ff2d3-r2j-00786","2052.073408052256"
"sha256:ff2d3-r2j-00787","6420.534160759169"
"sha256:ff2d3-r2j-00788","29219.78534153767"
"sha256:ff2d3-r2j-00789","19486.775763395883"
"sha256:ff2d3-r2j-00790","-12936.486922077733"
"sha256:ff2d3-r2j-00791","29054.34022598095"
"sha256:ff2d3-r2j-00792","29054.34022598095"
"sha256:ff2d3-r2j-00793","15991.098396626476"
"sha256:ff2d3-r2j-00794","26866.13598204823"
"sha256:ff2d3-r2j-00795","28367.837254802136"
"sha256:ff2d3-r2j-00796","29054.34022598095"
"sha256:ff2d3-r2j-00797","17828.03496622792"
"sha256:ff2d3-r2j-00798","29789.14081154042"
"sha256:ff2d3-r2j-00799","41193.62014076405"
"sha256:ff2d3-r2j-00800","11570.726945036513"
"sha256:ff2d3-r2j-00801","17773.92248307362"
"sha256:ff2d3-r2j-00802","26165.943763667492"
"sha256:ff2d3-r2j-00803","49493.03714503651"
"sha256:ff2d3-r2j-00804","26672.730763884167"
"sha256:ff2d3-r2j-00805","29054.34022598095"
"sha256:ff2d3-r2j-00806","9219.423497407726"
"sha256:ff2d3-r2j-00807","60161.483580396845"
"sha256:ff2d3-r2j-00808","39476.97171896229"
"sha256:ff2d3-r2j-00809","27942.07259032345"
"sha256:ff2d3-r2j-00810","33482.76711632557"
"sha256:ff2d3-r2j-00811","29650.146600530818"
"sha256:ff2d3-r2j-00812","64176.515967839245"
"sha256:ff2d3-r2j-00813","21351.632185637092"
"sha256:ff2d3-r2j-00814","26717.478043327523"
"sha256:ff2d3-r2j-00815","17044.460829948614"
"sha256:ff2d3-r2j-00816","34304.15609938221"
"sha256:ff2d3-r2j-00817","10281.062054086498"
"sha256:ff2d3-r2j-00818","29054.34022598095"
"sha256:ff2d3-r2j-00819","11427.203347819712"
"sha256:ff2d3-r2j-00820","-24891.098987026788"
"sha256:ff2d3-r2j-00821","27836.017628255275"
"sha256:ff2d3-r2j-00822","-7008.9658665357565"
"sha256:ff2d3-r2j-00823","24724.934311833385"
"sha256:ff2d3-r2j-00824","44007.89643468495"
"sha256:ff2d3-r2j-00825","32115.08573882351"
"sha256:ff2d3-r2j-00826","21251.188340446668"
"sha256:ff2d3-r2j-00827","12761.410914958382"
"sha256:ff2d3-r2j-00828","29054.34022598095"
"sha256:ff2d3-r2j-00829","29998.7075631197"
"sha256:ff2d3-r2j-00830","29054.34022598095"
"sha256:ff2d3-r2j-00831","20539.04745690174"
"sha256:ff2d3-r2j-00832","21113.395189225965"
"sha256:ff2d3-r2j-00833","25858.034315714074"
"sha256:ff2d3-r2j-00834","15259.812270231821"
"sha256:ff2d3-r2j-00835","36240.5543113451"
"sha256:ff2d3-r2j-00836","27670.587625651744"
"sha256:ff2d3-r2j-00837","29442.142826841548"
"sha256:ff2d3-r2j-00838","4813.15752867909"
"sha256:ff2d3-r2j-00839","26760.09204811268"
"sha256:ff2d3-r2j-00840","37022.705397917365"
"sha256:ff2d3-r2j-00841","32672.105829046443"
"sha256:ff2d3-r2j-00842","20077.435504509165"
"sha256:ff2d3-r2j-00843","41607.245299146845"
"sha256:ff2d3-r2j-00844","39470.812049870496"
"sha256:ff2d3-r2j-00845","29054.34022598095"
"sha256:ff2d3-r2j-00846","30326.308271452523"
"sha256:ff2d3-r2j-00847","41748.55136754627"
"sha256:ff2d3-r2j-00848","24575.043752669335"
"sha256:ff2d3-r2j-00849","23344.53975494862"
"sha256:ff2d3-r2j-00850","29054.34022598095"
"sha256:ff2d3-r2j-00851","30148.51208400135"
"sha256:ff2d3-r2j-00852","41229.29277823964"
"sha256:ff2d3-r2j-00853","23807.147807975198"
"sha256:ff2d3-r2j-00854","10617.46618595448"
"sha256:ff2d3-r2j-00855","22568.68653361073"
"sha256:ff2d3-r2j-00856","29054.34022598095"
"sha256:ff2d3-r2j-00857","32504.17308978863"
"sha256:ff2d3-r2j-00858","29054.34022598095"
"sha256:ff2d3-r2j-00859","29054.34022598095"
"sha256:ff2d3-r2j-00860","29054.34022598095"
"sha256:ff2d3-r2j-00861","40360.81917560292"
"sha256:ff2d3-r2j-00862","27949.73813942127"
"sha256:ff2d3-r2j-00863","29054.34022598095"
"sha256:ff2d3-r2j-00864","29054.34022598095"
"sha256:ff2d3-r2j-00865","23194.61057069874"
"sha256:ff2d3-r2j-00866","78879.25626593495"
"sha256:ff2d3-r2j-00867","23547.49816272793"
"sha256:ff2d3-r2j-00868","70737.22440206776"
"sha256:ff2d3-r2j-00869","29054.34022598095"
"sha256:ff2d3-r2j-00870","19760.697930729868"
"sha256:ff2d3-r2j-00871","43474.418538005266"
"sha256:ff2d3-r2j-00872","29054.34022598095"
"sha256:ff2d3-r2j-00873","23198.92639762441"
"sha256:ff2d3-r2j-00874","7503.421179829602"
"sha256:ff2d3-r2j-00875","18044.61077858144"
"sha256:ff2d3-r2j-00876","16001.91163258534"
"sha256:ff2d3-r2j-00877","12523.631274032785"
"sha256:ff2d3-r2j-00878","10865.063086491587"
"sha256:ff2d3-r2j-00879","23450.91169244862"
"sha256:ff2d3-r2j-00880","40625.64352711658"
"sha256:ff2d3-r2j-00881","29054.34022598095"
"sha256:ff2d3-r2j-00882","24519.885205160717"
"sha256:ff2d3-r2j-00883","18957.49666410694"
"sha256:ff2d3-r2j-00884","23695.178646745495"
"sha256:ff2d3-r2j-00885","29054.34022598095"
"sha256:ff2d3-r2j-00886","2511.007288542358"
"sha256:ff2d3-r2j-00887","20537.208646110732"
"sha256:ff2d3-r2j-00888","23531.63734784718"
"sha256:ff2d3-r2j-00889","29054.34022598095"
"sha256:ff2d3-r2j-00890","10043.06863685017"
"sha256:ff2d3-r2j-00891","12047.375209636128"
"sha256:ff2d3-r2j-00892","-31861.783310529907"
"sha256:ff2d3-r2j-00893","20460.052205143933"
"sha256:ff2d3-r2j-00894","29054.34022598095"
"sha256:ff2d3-r2j-00895","25643.496456511122"
"sha256:ff2d3-r2j-00896","12622.932497896007"
"sha256:ff2d3-r2j-00897","29054.34022598095"
"sha256:ff2d3-r2j-00898","8063.738492221266"
"sha256:ff2d3-r2j-00899","29054.34022598095"
"sha256:ff2d3-r2j-00900","21438.05258092518"
"sha256:ff2d3-r2j-00901","27759.615118425183"
"sha256:ff2d3-r2j-00902","29054.34022598095"
"sha256:ff2d3-r2j-00903","29054.34022598095"
"sha256:ff2d3-r2j-00904","4780.094266716202"
"sha256:ff2d3-r2j-00905","29648.599492834284"
"sha256:ff2d3-r2j-00906","12327.563289933969"
"sha256:ff2d3-r2j-00907","29562.82190514393"
"sha256:ff2d3-r2j-00908","20441.350419401744"
"sha256:ff2d3-r2j-00909","10020.60646351795"
"sha256:ff2d3-r2j-00910","40945.4438922533"
"sha256:ff2d3-r2j-00911","22079.274640739633"
"sha256:ff2d3-r2j-00912","44398.535510466194"
"sha256:ff2d3-r2j-00913","-24719.908368656732"
"sha256:ff2d3-r2j-00914","74941.50657968006"
"sha256:ff2d3-r2j-00915","51714.1806991869"
"sha256:ff2d3-r2j-00916","28185.281203239632"
"sha256:ff2d3-r2j-00917","29054.34022598095"
"sha256:ff2d3-r2j-00918","29054.34022598095"
"sha256:ff2d3-r2j-00919","-28556.285275991628"
"sha256:ff2d3-r2j-00920","28200.930819368557"
"sha256:ff2d3-r2j-00921","26498.657191129496"
"sha256:ff2d3-r2j-00922","32798.314935491755"
"sha256:ff2d3-r2j-00923","31223.46801295643"
"sha256:ff2d3-r2j-00924","29054.34022598095"
"sha256:ff2d3-r2j-00925","19156.76754725056"
"sha256:ff2d3-r2j-00926","29054.34022598095"
"sha256:ff2d3-r2j-00927","28032.22601224843"
"sha256:ff2d3-r2j-00928","29327.792617357827"
"sha256:ff2d3-r2j-00929","29054.34022598095"
"sha256:ff2d3-r2j-00930","45006.62798341542"
"sha256:ff2d3-r2j-00931","48904.0800913744"
"sha256:ff2d3-r2j-00932","10113.12417338429"
"sha256:ff2d3-r2j-00933","29054.34022598095"
"sha256:ff2d3-r2j-00934","29054.34022598095"
"sha256:ff2d3-r2j-00935","42178.78203063221"
"sha256:ff2d3-r2j-00936","20493.875897395897"
"sha256:ff2d3-r2j-00937","21990.10243653965"
"sha256:ff2d3-r2j-00938","15029.272705708507"
"sha256:ff2d3-r2j-00939","29054.34022598095"
"sha256:ff2d3-r2j-00940","29054.34022598095"
"sha256:ff2d3-r2j-00941","29054.34022598095"
"sha256:ff2d3-r2j-00942","29054.34022598095"
"sha256:ff2d3-r2j-00943","26223.99848848591"
"sha256:ff2d3-r2j-00944","24865.64788290272"
"sha256:ff2d3-r2j-00945","14313.844856852913"
"sha256:ff2d3-r2j-00946","30591.769438200572"
"sha256:ff2d3-r2j-00947","-7177.141467536727"
"sha256:ff2d3-r2j-00948","-18757.091671858027"
"sha256:ff2d3-r2j-00949","42793.216978834345"
"sha256:ff2d3-r2j-00950","19392.56582042713"
"sha256:ff2d3-r2j-00951","19423.445752290536"
"sha256:ff2d3-r2j-00952","26965.827254606826"
"sha256:ff2d3-r2j-00953","39178.77932711659"
"sha256:ff2d3-r2j-00954","43020.73661642323"
"sha256:ff2d3-r2j-00955","18039.546164975167"
"sha256:ff2d3-r2j-00956","4942.807279770092"
"sha256:ff2d3-r2j-00957","84.89662272205169"
"sha256:ff2d3-r2j-00958","36306.88832198964"
"sha256:ff2d3-r2j-00959","20686.595306227304"
"sha256:ff2d3-r2j-00960","38302.03411750622"
"sha256:ff2d3-r2j-00961","4180.3682812181505"
"sha256:ff2d3-r2j-00962","-650.3341318189632"
"sha256:ff2d3-r2j-00963","29054.34022598095"
"sha256:ff2d3-r2j-00964","17410.999574643138"
"sha256:ff2d3-r2j-00965","-7401.60086954631"
"sha256:ff2d3-r2j-00966","46771.30416486073"
"sha256:ff2d3-r2j-00967","9824.049419087412"
"sha256:ff2d3-r2j-00968","34160.245648129465"
"sha256:ff2d3-r2j-00969","35607.22650646229"
"sha256:ff2d3-r2j-00970","40817.86980001698"
"sha256:ff2d3-r2j-00971","67261.32996725332"
"sha256:ff2d3-r2j-00972","36952.34477843495"
"sha256:ff2d3-r2j-00973","38424.69769172497"
"sha256:ff2d3-r2j-00974","29054.34022598095"
"sha256:ff2d3-r2j-00975","29054.34022598095"
"sha256:ff2d3-r2j-00976","44805.98126655789"
"sha256:ff2d3-r2j-00977","58275.787841911515"
"sha256:ff2d3-r2j-00978","15348.573822038466"
"sha256:ff2d3-r2j-00979","33152.71931700916"
"sha256:ff2d3-r2j-00980","20139.377817524914"
"sha256:ff2d3-r2j-00981","37853.80169563122"
"sha256:ff2d3-r2j-00982","29054.34022598095"
"sha256:ff2d3-r2j-00983","25982.29534205723"
"sha256:ff2d3-r2j-00984","29054.34022598095"
"sha256:ff2d3-r2j-00985","27076.474015886124"
"sha256:ff2d3-r2j-00986","-4810.33105911388"
"sha256:ff2d3-r2j-00987","25386.817951188852"
"sha256:ff2d3-r2j-00988","29382.86226444073"
"sha256:ff2d3-r2j-00989","43257.11529426403"
"sha256:ff2d3-r2j-00990","29054.34022598095"
"sha256:ff2d3-r2j-00991","45444.07566783924"
"sha256:ff2d3-r2j-00992","-19154.548417024038"
"sha256:ff2d3-r2j-00993","40526.47540970937"
"sha256:ff2d3-r2j-00994","39932.76500873394"
"sha256:ff2d3-r2j-00995","29054.34022598095"
"sha256:ff2d3-r2j-00996","29054.34022598095"
"sha256:ff2d3-r2j-00997","36207.301227311895"
"sha256:ff2d3-r2j-00998","18860.494424626355"
"sha256:ff2d3-r2j-00999","44413.65765266247"
"sha256:ff2d3-r2j-01000","16962.20911979237"
"sha256:ff2d3-r2j-01001","46340.80749904041"
"sha256:ff2d3-r2j-01002","29054.34022598095"
"sha256:ff2d3-r2j-01003","29054.34022598095"
"sha256:ff2d3-r2j-01004","8026.6437409349455"
"sha256:ff2d3-r2j-01005","36621.17699860096"
"sha256:ff2d3-r2j-01006","29054.34022598095"
"sha256:ff2d3-r2j-01007","29054.34022598095"
"sha256:ff2d3-r2j-01008","33357.70361295644"
"sha256:ff2d3-r2j-01009","29054.34022598095"
"sha256:ff2d3-r2j-01010","29054.34022598095"
"sha256:ff2d3-r2j-01011","38978.11531259022"
"sha256:ff2d3-r2j-01012","40067.63839987049"
"sha256:ff2d3-r2j-01013","24368.823285270875"
"sha256:ff2d3-r2j-01014","35706.50998932362"
"sha256:ff2d3-r2j-01015","16437.91026012441"
"sha256:ff2d3-r2j-01016","29054.34022598095"
"sha256:ff2d3-r2j-01017","29054.34022598095"
"sha256:ff2d3-r2j-01018","24139.32072130604"
"sha256:ff2d3-r2j-01019","39096.220208929255"
"sha256:ff2d3-r2j-01020","-23138.04482477092"
"sha256:ff2d3-r2j-01021","44149.06097477284"
"sha256:ff2d3-r2j-01022","54015.28851203747"
"sha256:ff2d3-r2j-01023","29054.34022598095"
"sha256:ff2d3-r2j-01024","20008.192556462294"
"sha256:ff2d3-r2j-01025","29054.34022598095"
"sha256:ff2d3-r2j-01026","24360.596523658947"
"sha256:ff2d3-r2j-01027","29054.34022598095"
"sha256:ff2d3-r2j-01028","29054.34022598095"
"sha256:ff2d3-r2j-01029","22296.44721534901"
"sha256:ff2d3-r2j-01030","27096.442485661508"
"sha256:ff2d3-r2j-01031","44958.31514904042"
"sha256:ff2d3-r2j-01032","29054.34022598095"
"sha256:ff2d3-r2j-01033","23500.78821461658"
"sha256:ff2d3-r2j-01034","29054.34022598095"
"sha256:ff2d3-r2j-01035","29054.34022598095"
"sha256:ff2d3-r2j-01036","3228.587562028697"
"sha256:ff2d3-r2j-01037","29054.34022598095"
"sha256:ff2d3-r2j-01038","25273.141198942758"
"sha256:ff2d3-r2j-01039","-7162.4901372297245"
"sha256:ff2d3-r2j-01040","29748.76680597401"
"sha256:ff2d3-r2j-01041","25939.879262565042"
"sha256:ff2d3-r2j-01042","-23162.693710920517"
"sha256:ff2d3-r2j-01043","29054.34022598095"
"sha256:ff2d3-r2j-01044","34119.9980729662"
"sha256:ff2d3-r2j-01045","9595.236209294322"
"sha256:ff2d3-r2j-01046","50756.04624244862"
"sha256:ff2d3-r2j-01047","38835.96579142323"
"sha256:ff2d3-r2j-01048","29054.34022598095"
"sha256:ff2d3-r2j-01049","53983.51732241726"
"sha256:ff2d3-r2j-01050","22751.915241032606"
"sha256:ff2d3-r2j-01051","48115.78884987049"
"sha256:ff2d3-r2j-01052","54050.46693566151"
"sha256:ff2d3-r2j-01053","29054.34022598095"
"sha256:ff2d3-r2j-01054","46088.38756732769"
"sha256:ff2d3-r2j-01055","35001.90585558338"
"sha256:ff2d3-r2j-01056","20792.589894401746"
"sha256:ff2d3-r2j-01057","29448.124272154048"
"sha256:ff2d3-r2j-01058","14832.51484633045"
"sha256:ff2d3-r2j-01059","29054.34022598095"
"sha256:ff2d3-r2j-01060","45488.891107366755"
"sha256:ff2d3-r2j-01061","26259.31992814198"
"sha256:ff2d3-r2j-01062","-1967.9854014966986"
"sha256:ff2d3-r2j-01063","29054.34022598095"
"sha256:ff2d3-r2j-01064","29222.84371715565"
"sha256:ff2d3-r2j-01065","-1648.9496534498176"
"sha256:ff2d3-r2j-01066","46260.10845832653"
"sha256:ff2d3-r2j-01067","34945.617339225966"
"sha256:ff2d3-r2j-01068","18058.046096013073"
"sha256:ff2d3-r2j-01069","18872.082072355843"
"sha256:ff2d3-r2j-01070","26373.20281991978"
"sha256:ff2d3-r2j-01071","29054.34022598095"
"sha256:ff2d3-r2j-01072","63317.30799518299"
"sha256:ff2d3-r2j-01073","42706.35540656872"
"sha256:ff2d3-r2j-01074","29054.34022598095"
"sha256:ff2d3-r2j-01075","18366.966333806035"
"sha256:ff2d3-r2j-01076","29054.34022598095"
"sha256:ff2d3-r2j-01077","29054.34022598095"
"sha256:ff2d3-r2j-01078","8732.494101481818"
"sha256:ff2d3-r2j-01079","22654.38477369862"
"sha256:ff2d3-r2j-01080","19782.097486174214"
"sha256:ff2d3-r2j-01081","13678.274072477914"
"sha256:ff2d3-r2j-01082","29428.930165811733"
"sha256:ff2d3-r2j-01083","11736.958862516985"
"sha256:ff2d3-r2j-01084","29054.34022598095"
"sha256:ff2d3-r2j-01085","30698.312054557995"
"sha256:ff2d3-r2j-01086","29054.34022598095"
"sha256:ff2d3-r2j-01087","29054.34022598095"
"sha256:ff2d3-r2j-01088","45243.47538990955"
"sha256:ff2d3-r2j-01089","46870.35521979237"
"sha256:ff2d3-r2j-01090","29054.34022598095"
"sha256:ff2d3-r2j-01091","40481.51715745564"
"sha256:ff2d3-r2j-01092","34884.820019841194"
"sha256:ff2d3-r2j-01093","21461.11817550526"
"sha256:ff2d3-r2j-01094","-6857.5794666578295"
"sha256:ff2d3-r2j-01095","28862.098424680138"
"sha256:ff2d3-r2j-01096","29054.34022598095"
"sha256:ff2d3-r2j-01097","29054.34022598095"
"sha256:ff2d3-r2j-01098","26851.75302587452"
"sha256:ff2d3-r2j-01099","29054.34022598095"
"sha256:ff2d3-r2j-01100","29054.34022598095"
"sha256:ff2d3-r2j-01101","85079.73655309316"
"sha256:ff2d3-r2j-01102","29054.34022598095"
"sha256:ff2d3-r2j-01103","25496.598550423245"
"sha256:ff2d3-r2j-01104","49417.93346576519"
"sha256:ff2d3-r2j-01105","29054.34022598095"
"sha256:ff2d3-r2j-01106","37571.510845183"
"sha256:ff2d3-r2j-01107","21013.39168685017"
"sha256:ff2d3-r2j-01108","26612.77858937245"
"sha256:ff2d3-r2j-01109","51962.70370458241"
"sha256:ff2d3-r2j-01110","21243.722749138076"
"sha256:ff2d3-r2j-01111","22056.57526536465"
"sha256:ff2d3-r2j-01112","30972.452885435298"
"sha256:ff2d3-r2j-01113","11968.896064470107"
"sha256:ff2d3-r2j-01114","14916.48647706776"
"sha256:ff2d3-r2j-01115","34463.74049042225"
"sha256:ff2d3-r2j-01116","2070.849375309961"
"sha256:ff2d3-r2j-01117","29054.34022598095"
"sha256:ff2d3-r2j-01118","23238.578981657614"
"sha256:ff2d3-r2j-01119","23555.314684604076"
"sha256:ff2d3-r2j-01120","29054.34022598095"
"sha256:ff2d3-r2j-01121","22504.300419548228"
"sha256:ff2d3-r2j-01122","25013.222683529857"
"sha256:ff2d3-r2j-01123","2570.3763272142533"
"sha256:ff2d3-r2j-01124","32950.230849284555"
"sha256:ff2d3-r2j-01125","-5347.225342338366"
"sha256:ff2d3-r2j-01126","29054.34022598095"
"sha256:ff2d3-r2j-01127","29054.34022598095"
"sha256:ff2d3-r2j-01128","22080.841078450587"
"sha256:ff2d3-r2j-01129","8477.672681315802"
"sha256:ff2d3-r2j-01130","19912.121947966196"
"sha256:ff2d3-r2j-01131","43260.33182340565"
"sha256:ff2d3-r2j-01132","23960.86951534901"
"sha256:ff2d3-r2j-01133","29054.34022598095"
"sha256:ff2d3-r2j-01134","29054.34022598095"
"sha256:ff2d3-r2j-01135","24986.949036491587"
"sha256:ff2d3-r2j-01136","29054.34022598095"
"sha256:ff2d3-r2j-01137","18801.44726803455"
"sha256:ff2d3-r2j-01138","29054.34022598095"
"sha256:ff2d3-r2j-01139","4813.559336752514"
"sha256:ff2d3-r2j-01140","25564.934005192757"
"sha256:ff2d3-r2j-01141","59806.90371539784"
"sha256:ff2d3-r2j-01142","53164.42635812245"
"sha256:ff2d3-r2j-01143","19510.31358395252"
"sha256:ff2d3-r2j-01144","36944.879876898005"
"sha256:ff2d3-r2j-01145","34094.98385773182"
"sha256:ff2d3-r2j-01146","22196.12936046619"
"sha256:ff2d3-r2j-01147","32441.145663102914"
"sha256:ff2d3-r2j-01148","29054.34022598095"
"sha256:ff2d3-r2j-01149","18086.140737224006"
"sha256:ff2d3-r2j-01150","17348.268172819706"
"sha256:ff2d3-r2j-01151","15543.170137761117"
"sha256:ff2d3-r2j-01152","29054.34022598095"
"sha256:ff2d3-r2j-01153","-15558.07311007366"
"sha256:ff2d3-r2j-01154","29054.34022598095"
"sha256:ff2d3-r2j-01155","26833.640102766993"
"sha256:ff2d3-r2j-01156","2399.3783126909257"
"sha256:ff2d3-r2j-01157","29054.34022598095"
"sha256:ff2d3-r2j-01158","-12231.33586392345"
"sha256:ff2d3-r2j-01159","23715.93424690762"
"sha256:ff2d3-r2j-01160","13865.482114009288"
"sha256:ff2d3-r2j-01161","79124.34636442128"
"sha256:ff2d3-r2j-01162","26346.029636882213"
"sha256:ff2d3-r2j-01163","27755.86259811192"
"sha256:ff2d3-r2j-01164","26390.65978507557"
"sha256:ff2d3-r2j-01165","10422.219281120495"
"sha256:ff2d3-r2j-01166","31362.37750382557"
"sha256:ff2d3-r2j-01167","26015.725494954495"
"sha256:ff2d3-r2j-01168","44981.43947906971"
"sha256:ff2d3-r2j-01169","46662.22436857167"
"sha256:ff2d3-r2j-01170","54363.236458171275"
"sha256:ff2d3-r2j-01171","27378.33864230213"
"sha256:ff2d3-r2j-01172","51402.69085578747"
"sha256:ff2d3-r2j-01173","659.3388260912034"
"sha256:ff2d3-r2j-01174","22616.631543376352"
"sha256:ff2d3-r2j-01175","15948.05720778065"
"sha256:ff2d3-r2j-01176","17329.92851222401"
"sha256:ff2d3-r2j-01177","21827.87143554249"
"sha256:ff2d3-r2j-01178","36145.118942350964"
"sha256:ff2d3-r2j-01179","21539.916738224987"
"sha256:ff2d3-r2j-01180","19751.88314684315"
"sha256:ff2d3-r2j-01181","25896.487858098044"
"sha256:ff2d3-r2j-01182","32241.83145083523"
"sha256:ff2d3-r2j-01183","30919.269291685298"
"sha256:ff2d3-r2j-01184","13546.715880171396"
"sha256:ff2d3-r2j-01185","32413.543809367562"
"sha256:ff2d3-r2j-01186","21153.469133724026"
"sha256:ff2d3-r2j-01187","29054.34022598095"
"sha256:ff2d3-r2j-01188","46215.45000824453"
"sha256:ff2d3-r2j-01189","29054.34022598095"
"sha256:ff2d3-r2j-01190","37349.78845826893"
"sha256:ff2d3-r2j-01191","61652.87802975331"
"sha256:ff2d3-r2j-01192","9423.016839323616"
"sha256:ff2d3-r2j-01193","31921.072877556042"
"sha256:ff2d3-r2j-01194","-4860.523038752552"
"sha256:ff2d3-r2j-01195","5812.4679470659285"
"sha256:ff2d3-r2j-01196","28279.310574943738"
"sha256:ff2d3-r2j-01197","31908.22971320057"
"sha256:ff2d3-r2j-01198","7107.276014546398"
"sha256:ff2d3-r2j-01199","-3174.596176371575"
"sha256:ff2d3-r2j-01200","5456.594759514046"
"sha256:ff2d3-r2j-01201","29962.113390104874"
"sha256:ff2d3-r2j-01202","37735.95520088444"
"sha256:ff2d3-r2j-01203","29054.34022598095"
"sha256:ff2d3-r2j-01204","38735.43141896229"
"sha256:ff2d3-r2j-01205","22827.222495378308"
"sha256:ff2d3-r2j-01206","24170.663045492747"
"sha256:ff2d3-r2j-01207","31367.503837028697"
"sha256:ff2d3-r2j-01208","36087.73873400135"
"sha256:ff2d3-r2j-01209","44566.947694304086"
"sha256:ff2d3-r2j-01210","29054.34022598095"
"sha256:ff2d3-r2j-01211","29054.34022598095"
"sha256:ff2d3-r2j-01212","21358.507945573627"
"sha256:ff2d3-r2j-01213","-27409.25645384044"
"sha256:ff2d3-r2j-01214","34795.3202396822"
"sha256:ff2d3-r2j-01215","20263.750875602927"
"sha256:ff2d3-r2j-01216","31025.98926251698"
"sha256:ff2d3-r2j-01217","29054.34022598095"
"sha256:ff2d3-r2j-01218","39117.669018522836"
"sha256:ff2d3-r2j-01219","29054.34022598095"
"sha256:ff2d3-r2j-01220","31593.190190122798"
"sha256:ff2d3-r2j-01221","39178.09398822613"
"sha256:ff2d3-r2j-01222","34259.28198458729"
"sha256:ff2d3-r2j-01223","29054.34022598095"
"sha256:ff2d3-r2j-01224","25159.16120677204"
"sha256:ff2d3-r2j-01225","49475.83344991932"
"sha256:ff2d3-r2j-01226","29054.34022598095"
"sha256:ff2d3-r2j-01227","23958.33119973965"
"sha256:ff2d3-r2j-01228","-183.38156995372265"
"sha256:ff2d3-r2j-01229","66215.83892594471"
"sha256:ff2d3-r2j-01230","27346.736209212304"
"sha256:ff2d3-r2j-01231","44166.97064094372"
"sha256:ff2d3-r2j-01232","-6637.878641030693"
"sha256:ff2d3-r2j-01233","29054.34022598095"
"sha256:ff2d3-r2j-01234","29054.34022598095"
"sha256:ff2d3-r2j-01235","29054.34022598095"
"sha256:ff2d3-r2j-01236","67962.15962355214"
"sha256:ff2d3-r2j-01237","29998.98739474354"
"sha256:ff2d3-r2j-01238","29054.34022598095"
"sha256:ff2d3-r2j-01239","44635.82486852284"
"sha256:ff2d3-r2j-01240","28696.96122653065"
"sha256:ff2d3-r2j-01241","29054.34022598095"
"sha256:ff2d3-r2j-01242","9562.086259099007"
"sha256:ff2d3-r2j-01243","41156.97367135486"
"sha256:ff2d3-r2j-01244","12500.545144380383"
"sha256:ff2d3-r2j-01245","29054.34022598095"
"sha256:ff2d3-r2j-01246","29054.34022598095"
"sha256:ff2d3-r2j-01247","18055.04047985097"
"sha256:ff2d3-r2j-01248","25458.39656652088"
"sha256:ff2d3-r2j-01249","29054.34022598095"
"sha256:ff2d3-r2j-01250","23270.543114079483"
"sha256:ff2d3-r2j-01251","29054.34022598095"
"sha256:ff2d3-r2j-01252","27454.436530306055"
"sha256:ff2d3-r2j-01253","39617.13451556988"
"sha256:ff2d3-r2j-01254","33485.72128860417"
"sha256:ff2d3-r2j-01255","20732.30876779042"
"sha256:ff2d3-r2j-01256","29054.34022598095"
"sha256:ff2d3-r2j-01257","35211.77286364003"
"sha256:ff2d3-r2j-01258","-16796.789591372486"
"sha256:ff2d3-r2j-01259","34638.13840187245"
"sha256:ff2d3-r2j-01260","13476.317833464243"
"sha256:ff2d3-r2j-01261","27454.550468571666"
"sha256:ff2d3-r2j-01262","44929.79107551403"
"sha256:ff2d3-r2j-01263","31157.90846888142"
"sha256:ff2d3-r2j-01264","30758.267057504465"
"sha256:ff2d3-r2j-01265","29054.34022598095"
"sha256:ff2d3-r2j-01266","29054.34022598095"
"sha256:ff2d3-r2j-01267","33873.386779509165"
"sha256:ff2d3-r2j-01268","43942.49282477284"
"sha256:ff2d3-r2j-01269","29326.140521989626"
"sha256:ff2d3-r2j-01270","13185.328661589243"
"sha256:ff2d3-r2j-01271","13084.460274203684"
"sha256:ff2d3-r2j-01272","34623.00321813222"
"sha256:ff2d3-r2j-01273","29054.34022598095"
"sha256:ff2d3-r2j-01274","38297.76924132557"
"sha256:ff2d3-r2j-01275","25560.32598909512"
"sha256:ff2d3-r2j-01276","22410.622390376477"
"sha256:ff2d3-r2j-01277","29054.34022598095"
"sha256:ff2d3-r2j-01278","34023.47926197987"
"sha256:ff2d3-r2j-01279","29054.34022598095"
"sha256:ff2d3-r2j-01280","10553.950467044262"
"sha256:ff2d3-r2j-01281","9050.388814706614"
"sha256:ff2d3-r2j-01282","31578.63574445057"
"sha256:ff2d3-r2j-01283","-191.47783003673248"
"sha256:ff2d3-r2j-01284","29054.34022598095"
"sha256:ff2d3-r2j-01285","39720.57274840565"
"sha256:ff2d3-r2j-01286","39203.83341647206"
"sha256:ff2d3-r2j-01287","27770.95220358143"
"sha256:ff2d3-r2j-01288","17567.63818650837"
"sha256:ff2d3-r2j-01289","29054.34022598095"
"sha256:ff2d3-r2j-01290","62929.89783048573"
"sha256:ff2d3-r2j-01291","41946.52853202"
"sha256:ff2d3-r2j-01292","26594.9153954546"
"sha256:ff2d3-r2j-01293","29054.34022598095"
"sha256:ff2d3-r2j-01294","27613.084607048237"
"sha256:ff2d3-r2j-01295","-9187.111322077748"
"sha256:ff2d3-r2j-01296","35514.99157123394"
"sha256:ff2d3-r2j-01297","29054.34022598095"
"sha256:ff2d3-r2j-01298","17718.80109664784"
"sha256:ff2d3-r2j-01299","30831.01664083729"
"sha256:ff2d3-r2j-01300","23885.331975944704"
"sha256:ff2d3-r2j-01301","29054.34022598095"
"sha256:ff2d3-r2j-01302","35945.357553874404"
"sha256:ff2d3-r2j-01303","34965.08168121815"
"sha256:ff2d3-r2j-01304","-648.6960466459277"
"sha256:ff2d3-r2j-01305","-1528.0228962720867"
"sha256:ff2d3-r2j-01306","46940.45391731091"
"sha256:ff2d3-r2j-01307","29054.34022598095"
"sha256:ff2d3-r2j-01308","29054.34022598095"
"sha256:ff2d3-r2j-01309","29054.34022598095"
"sha256:ff2d3-r2j-01310","29054.34022598095"
"sha256:ff2d3-r2j-01311","9997.56496417713"
"sha256:ff2d3-r2j-01312","-120.27030882090912"
"sha256:ff2d3-r2j-01313","17298.652728581437"
"sha256:ff2d3-r2j-01314","2806.288728874395"
"sha256:ff2d3-r2j-01315","29054.34022598095"
"sha256:ff2d3-r2j-01316","13339.1565892046"
"sha256:ff2d3-r2j-01317","15220.047587419322"
"sha256:ff2d3-r2j-01318","41296.93408741933"
"sha256:ff2d3-r2j-01319","29054.34022598095"
"sha256:ff2d3-r2j-01320","23136.56701832753"
"sha256:ff2d3-r2j-01321","20226.810848324778"
"sha256:ff2d3-r2j-01322","30901.22467695103"
"sha256:ff2d3-r2j-01323","80583.71248951893"
"sha256:ff2d3-r2j-01324","29054.34022598095"
"sha256:ff2d3-r2j-01325","7980.060626823615"
"sha256:ff2d3-r2j-01326","29054.34022598095"
"sha256:ff2d3-r2j-01327","50602.62301255398"
"sha256:ff2d3-r2j-01328","4698.134840397841"
"sha256:ff2d3-r2j-01329","35975.52838020153"
"sha256:ff2d3-r2j-01330","50821.37188606091"
"sha256:ff2d3-r2j-01331","23704.23401510487"
"sha256:ff2d3-r2j-01332","34370.757700847054"
"sha256:ff2d3-r2j-01333","31863.18619264393"
"sha256:ff2d3-r2j-01334","44992.87862369862"
"sha256:ff2d3-r2j-01335","29054.34022598095"
"sha256:ff2d3-r2j-01336","39429.84878491726"
"sha256:ff2d3-r2j-01337","29054.34022598095"
"sha256:ff2d3-r2j-01338","32946.46210021229"
"sha256:ff2d3-r2j-01339","47718.186970378316"
"sha256:ff2d3-r2j-01340","37586.087704802136"
"sha256:ff2d3-r2j-01341","19064.214097819713"
"sha256:ff2d3-r2j-01342","584.571952897837"
"sha256:ff2d3-r2j-01343","34815.864345183"
"sha256:ff2d3-r2j-01344","38121.36076080799"
"sha256:ff2d3-r2j-01345","63251.783519816774"
"sha256:ff2d3-r2j-01346","29054.34022598095"
"sha256:ff2d3-r2j-01347","29054.34022598095"
"sha256:ff2d3-r2j-01348","48333.67273370839"
"sha256:ff2d3-r2j-01349","22906.164698170665"
"sha256:ff2d3-r2j-01350","29054.34022598095"
"sha256:ff2d3-r2j-01351","19759.209800407603"
"sha256:ff2d3-r2j-01352","14790.244500847057"
"sha256:ff2d3-r2j-01353","27583.749297624396"
"sha256:ff2d3-r2j-01354","50112.065413758275"
"sha256:ff2d3-r2j-01355","29054.34022598095"
"sha256:ff2d3-r2j-01356","29054.34022598095"
"sha256:ff2d3-r2j-01357","26416.717037565042"
"sha256:ff2d3-r2j-01358","23471.935754167367"
"sha256:ff2d3-r2j-01359","29054.34022598095"
"sha256:ff2d3-r2j-01360","-4744.499491291615"
"sha256:ff2d3-r2j-01361","29054.34022598095"
"sha256:ff2d3-r2j-01362","31926.971928404048"
"sha256:ff2d3-r2j-01363","71251.04084445057"
"sha256:ff2d3-r2j-01364","19975.819711638076"
"sha256:ff2d3-r2j-01365","5856.084970210461"
"sha256:ff2d3-r2j-01366","36947.190576921275"
"sha256:ff2d3-r2j-01367","21447.14630717335"
"sha256:ff2d3-r2j-01368","5375.040557341199"
"sha256:ff2d3-r2j-01369","25292.87968909512"
"sha256:ff2d3-r2j-01370","8663.866190072826"
"sha256:ff2d3-r2j-01371","29054.34022598095"
"sha256:ff2d3-r2j-01372","13561.147291911511"
"sha256:ff2d3-r2j-01373","12887.51775030994"
"sha256:ff2d3-r2j-01374","-8225.953917934981"
"sha256:ff2d3-r2j-01375","47715.22132491932"
"sha256:ff2d3-r2j-01376","29054.34022598095"
"sha256:ff2d3-r2j-01377","12843.827854020885"
"sha256:ff2d3-r2j-01378","-51652.36514185314"
"sha256:ff2d3-r2j-01379","29054.34022598095"
"sha256:ff2d3-r2j-01380","50035.3998660326"
"sha256:ff2d3-r2j-01381","15483.235887761119"
"sha256:ff2d3-r2j-01382","29054.34022598095"
"sha256:ff2d3-r2j-01383","31441.579631809047"
"sha256:ff2d3-r2j-01384","29054.34022598095"
"sha256:ff2d3-r2j-01385","16469.05520177479"
"sha256:ff2d3-r2j-01386","18021.433499577528"
"sha256:ff2d3-r2j-01387","32285.797369113734"
"sha256:ff2d3-r2j-01388","16989.37069274159"
"sha256:ff2d3-r2j-01389","28632.215953532606"
"sha256:ff2d3-r2j-01390","29054.34022598095"
"sha256:ff2d3-r2j-01391","5571.447964535713"
"sha256:ff2d3-r2j-01392","19595.265663249404"
"sha256:ff2d3-r2j-01393","27046.949842497444"
"sha256:ff2d3-r2j-01394","29054.34022598095"
"sha256:ff2d3-r2j-01395","29772.677494810298"
"sha256:ff2d3-r2j-01396","6808.273289909557"
"sha256:ff2d3-r2j-01397","9796.360089155773"
"sha256:ff2d3-r2j-01398","3211.4703410326038"
"sha256:ff2d3-r2j-01399","29054.34022598095"
"sha256:ff2d3-r2j-01400","27490.505210727122"
"sha256:ff2d3-r2j-01401","31733.603390397835"
"sha256:ff2d3-r2j-01402","51093.82266866932"
"sha256:ff2d3-r2j-01403","22490.724377181054"
"sha256:ff2d3-r2j-01404","26930.297710270886"
"sha256:ff2d3-r2j-01405","14198.614599479872"
"sha256:ff2d3-r2j-01406","11621.71928891163"
"sha256:ff2d3-r2j-01407","14044.527762761121"
"sha256:ff2d3-r2j-01408","21732.072844938855"
"sha256:ff2d3-r2j-01409","26899.81643888417"
"sha256:ff2d3-r2j-01410","15610.246052035716"
"sha256:ff2d3-r2j-01411","44593.5604217455"
"sha256:ff2d3-r2j-01412","25402.03978688221"
"sha256:ff2d3-r2j-01413","29054.34022598095"
"sha256:ff2d3-r2j-01414","26445.838219075587"
"sha256:ff2d3-r2j-01415","22504.083399626354"
"sha256:ff2d3-r2j-01416","44527.88891010113"
"sha256:ff2d3-r2j-01417","29054.34022598095"
"sha256:ff2d3-r2j-01418","18876.384680983167"
"sha256:ff2d3-r2j-01419","10507.874453972065"
"sha256:ff2d3-r2j-01420","39252.91992589588"
"sha256:ff2d3-r2j-01421","15163.85801207753"
"sha256:ff2d3-r2j-01422","20944.13879877491"
"sha256:ff2d3-r2j-01423","8530.05699445057"
"sha256:ff2d3-r2j-01424","667.4434653978387"
"sha256:ff2d3-r2j-01425","29054.34022598095"
"sha256:ff2d3-r2j-01426","29675.328008459284"
"sha256:ff2d3-r2j-01427","22351.899705960277"
"sha256:ff2d3-r2j-01428","42493.361889665415"
"sha256:ff2d3-r2j-01429","78480.08338121815"
"sha256:ff2d3-r2j-01430","18677.263858491708"
"sha256:ff2d3-r2j-01431","29072.915718840217"
"sha256:ff2d3-r2j-01432","24643.233488786514"
"sha256:ff2d3-r2j-01433","10717.044290864756"
"sha256:ff2d3-r2j-01434","27518.52957780019"
"sha256:ff2d3-r2j-01435","10400.02891530018"
"sha256:ff2d3-r2j-01436","29054.34022598095"
"sha256:ff2d3-r2j-01437","16059.930864909562"
"sha256:ff2d3-r2j-01438","-11082.455367609975"
"sha256:ff2d3-r2j-01439","36950.294140886115"
"sha256:ff2d3-r2j-01440","34917.543150709345"
"sha256:ff2d3-r2j-01441","27523.315322526745"
"sha256:ff2d3-r2j-01442","29054.34022598095"
"sha256:ff2d3-r2j-01443","22501.33606451893"
"sha256:ff2d3-r2j-01444","52013.38177375622"
"sha256:ff2d3-r2j-01445","46060.78655891247"
"sha256:ff2d3-r2j-01446","44386.92157438221"
"sha256:ff2d3-r2j-01447","34594.854357341195"
"sha256:ff2d3-r2j-01448","7091.847196745497"
"sha256:ff2d3-r2j-01449","11713.99067530995"
"sha256:ff2d3-r2j-01450","29054.34022598095"
"sha256:ff2d3-r2j-01451","26889.056315983777"
"sha256:ff2d3-r2j-01452","25390.68459282742"
"sha256:ff2d3-r2j-01453","18215.346519046216"
"sha256:ff2d3-r2j-01454","28751.600986345104"
"sha256:ff2d3-r2j-01455","26685.363100358012"
"sha256:ff2d3-r2j-01456","46568.976632487684"
"sha256:ff2d3-r2j-01457","34757.33551490956"
"sha256:ff2d3-r2j-01458","29054.34022598095"
"sha256:ff2d3-r2j-01459","24035.855200358776"
"sha256:ff2d3-r2j-01460","51033.02216801014"
"sha256:ff2d3-r2j-01461","63886.156810954475"
"sha256:ff2d3-r2j-01462","13937.67901520252"
"sha256:ff2d3-r2j-01463","18887.382472456553"
"sha256:ff2d3-r2j-01464","12295.889650532725"
"sha256:ff2d3-r2j-01465","38310.8454729662"
"sha256:ff2d3-r2j-01466","24638.04027535877"
"sha256:ff2d3-r2j-01467","12841.895859538461"
"sha256:ff2d3-r2j-01468","29054.34022598095"
"sha256:ff2d3-r2j-01469","23676.211443294338"
"sha256:ff2d3-r2j-01470","-33054.79440989513"
"sha256:ff2d3-r2j-01471","46131.94430428944"
"sha256:ff2d3-r2j-01472","11929.193661076555"
"sha256:ff2d3-r2j-01473","29054.34022598095"
"sha256:ff2d3-r2j-01474","29054.34022598095"
"sha256:ff2d3-r2j-01475","28552.356836588482"
"sha256:ff2d3-r2j-01476","24309.6853144701"
"sha256:ff2d3-r2j-01477","29054.34022598095"
"sha256:ff2d3-r2j-01478","31198.861276434138"
"sha256:ff2d3-r2j-01479","27506.361553288465"
"sha256:ff2d3-r2j-01480","26628.748916276745"
"sha256:ff2d3-r2j-01481","28280.27958092442"
"sha256:ff2d3-r2j-01482","14453.78364996815"
"sha256:ff2d3-r2j-01483","49900.86392311268"
"sha256:ff2d3-r2j-01484","913.5995547533093"
"sha256:ff2d3-r2j-01485","40476.627623365595"
"sha256:ff2d3-r2j-01486","46918.433191081436"
"sha256:ff2d3-r2j-01487","37595.9993339037"
"sha256:ff2d3-r2j-01488","35472.384130632214"
"sha256:ff2d3-r2j-01489","69373.21018693104"
"sha256:ff2d3-r2j-01490","61632.12151866932"
"sha256:ff2d3-r2j-01491","29000.96577965565"
"sha256:ff2d3-r2j-01492","25983.10388453846"
"sha256:ff2d3-r2j-01493","41388.200430974015"
"sha256:ff2d3-r2j-01494","63597.970396803095"
"sha256:ff2d3-r2j-01495","23624.541326091196"
"sha256:ff2d3-r2j-01496","29054.34022598095"
"sha256:ff2d3-r2j-01497","30473.709496452517"
"sha256:ff2d3-r2j-01498","23019.89334557362"
"sha256:ff2d3-r2j-01499","6159.710449797261"
"sha256:ff2d3-r2j-01500","36882.27545621815"
"sha256:ff2d3-r2j-01501","29054.34022598095"
"sha256:ff2d3-r2j-01502","27387.318914128307"
"sha256:ff2d3-r2j-01503","31407.699922515298"
"sha256:ff2d3-r2j-01504","28102.01557737637"
"sha256:ff2d3-r2j-01505","28269.03433190174"
"sha256:ff2d3-r2j-01506","12570.949221306044"
"sha256:ff2d3-r2j-01507","29054.34022598095"
"sha256:ff2d3-r2j-01508","40480.42411588612"
"sha256:ff2d3-r2j-01509","46563.65344420643"
"sha256:ff2d3-r2j-01510","30054.31392926503"
"sha256:ff2d3-r2j-01511","12604.83840431385"
"sha256:ff2d3-r2j-01512","31204.88827638417"
"sha256:ff2d3-r2j-01513","34599.129182975965"
"sha256:ff2d3-r2j-01514","70913.50180328847"
"sha256:ff2d3-r2j-01515","30965.25040602284"
"sha256:ff2d3-r2j-01516","36549.70431075917"
"sha256:ff2d3-r2j-01517","5053.7173177095465"
"sha256:ff2d3-r2j-01518","32958.936344304086"
"sha256:ff2d3-r2j-01519","2329.62004875813"
"sha256:ff2d3-r2j-01520","29144.738091965297"
"sha256:ff2d3-r2j-01521","39756.1314210619"
"sha256:ff2d3-r2j-01522","9813.385886947824"
"sha256:ff2d3-r2j-01523","29054.34022598095"
"sha256:ff2d3-r2j-01524","15709.169087126356"
"sha256:ff2d3-r2j-01525","9302.939815886115"
"sha256:ff2d3-r2j-01526","48137.433423100854"
"sha256:ff2d3-r2j-01527","26561.546054752544"
"sha256:ff2d3-r2j-01528","38690.78724200917"
"sha256:ff2d3-r2j-01529","19737.065018132213"
"sha256:ff2d3-r2j-01530","33177.687846061905"
"sha256:ff2d3-r2j-01531","37314.312279948615"
"sha256:ff2d3-r2j-01532","17498.7648231371"
"sha256:ff2d3-r2j-01533","28192.786813606835"
"sha256:ff2d3-r2j-01534","42561.514504818915"
"sha256:ff2d3-r2j-01535","22770.397296843148"
"sha256:ff2d3-r2j-01536","25315.234920427134"
"sha256:ff2d3-r2j-01537","31392.493336166575"
"sha256:ff2d3-r2j-01538","22275.806699263194"
"sha256:ff2d3-r2j-01539","16096.349586100961"
"sha256:ff2d3-r2j-01540","2176.0862861986243"
"sha256:ff2d3-r2j-01541","32487.391900602917"
"sha256:ff2d3-r2j-01542","29054.34022598095"
"sha256:ff2d3-r2j-01543","52831.39752082653"
"sha256:ff2d3-r2j-01544","16616.36806498585"
"sha256:ff2d3-r2j-01545","8924.73927130604"
"sha256:ff2d3-r2j-01546","43807.78956280994"
"sha256:ff2d3-r2j-01547","21005.406342131246"
"sha256:ff2d3-r2j-01548","26353.296182292368"
"sha256:ff2d3-r2j-01549","24990.11463681202"
"sha256:ff2d3-r2j-01550","42031.41362981892"
"sha256:ff2d3-r2j-01551","29054.34022598095"
"sha256:ff2d3-r2j-01552","27555.381561968425"
"sha256:ff2d3-r2j-01553","30434.735100505262"
"sha256:ff2d3-r2j-01554","19550.84698595448"
"sha256:ff2d3-r2j-01555","45274.4685366869"
"sha256:ff2d3-r2j-01556","36448.32722428952"
"sha256:ff2d3-r2j-01557","29054.34022598095"
"sha256:ff2d3-r2j-01558","26154.603757102013"
"sha256:ff2d3-r2j-01559","22223.505431535537"
"sha256:ff2d3-r2j-01560","36406.80219869862"
"sha256:ff2d3-r2j-01561","29054.34022598095"
"sha256:ff2d3-r2j-01562","29054.34022598095"
"sha256:ff2d3-r2j-01563","25202.5580860796"
"sha256:ff2d3-r2j-01564","21502.797559929095"
"sha256:ff2d3-r2j-01565","39778.19317512341"
"sha256:ff2d3-r2j-01566","29054.34022598095"
"sha256:ff2d3-r2j-01567","18935.49059227009"
"sha256:ff2d3-r2j-01568","-10700.107291193955"
"sha256:ff2d3-r2j-01569","26574.5186241869"
"sha256:ff2d3-r2j-01570","29054.34022598095"
"sha256:ff2d3-r2j-01571","-3915.4733001996938"
"sha256:ff2d3-r2j-01572","38927.09749806386"
"sha256:ff2d3-r2j-01573","40598.33714002781"
"sha256:ff2d3-r2j-01574","22456.313100895888"
"sha256:ff2d3-r2j-01575","3570.328333491707"
"sha256:ff2d3-r2j-01576","49107.8780507494"
"sha256:ff2d3-r2j-01577","-7934.488213093369"
"sha256:ff2d3-r2j-01578","10107.637829802137"
"sha256:ff2d3-r2j-01579","20374.34586432362"
"sha256:ff2d3-r2j-01580","30612.045170591548"
"sha256:ff2d3-r2j-01581","40553.20584816151"
"sha256:ff2d3-r2j-01582","80716.36426241932"
"sha256:ff2d3-r2j-01583","29054.34022598095"
"sha256:ff2d3-r2j-01584","29054.34022598095"
"sha256:ff2d3-r2j-01585","29054.34022598095"
"sha256:ff2d3-r2j-01586","24444.831271968273"
"sha256:ff2d3-r2j-01587","35366.590567253304"
"sha256:ff2d3-r2j-01588","59937.14409979344"
"sha256:ff2d3-r2j-01589","49296.056955485736"
"sha256:ff2d3-r2j-01590","35656.04033644276"
"sha256:ff2d3-r2j-01591","33494.410526188854"
"sha256:ff2d3-r2j-01592","29054.34022598095"
"sha256:ff2d3-r2j-01593","36017.2524873705"
"sha256:ff2d3-r2j-01594","13684.319610026745"
"sha256:ff2d3-r2j-01595","29054.34022598095"
"sha256:ff2d3-r2j-01596","24863.06940086384"
"sha256:ff2d3-r2j-01597","59988.81817872792"
"sha256:ff2d3-r2j-01598","29054.34022598095"
"sha256:ff2d3-r2j-01599","57388.98675065175"
"sha256:ff2d3-r2j-01600","23983.185880368997"
"sha256:ff2d3-r2j-01601","-2627.9444312818523"
"sha256:ff2d3-r2j-01602","26311.969633464243"
"sha256:ff2d3-r2j-01603","21599.22382308064"
"sha256:ff2d3-r2j-01604","37534.65862922497"
"sha256:ff2d3-r2j-01605","11462.806938273818"
"sha256:ff2d3-r2j-01606","29054.34022598095"
"sha256:ff2d3-r2j-01607","63018.43609504528"
"sha256:ff2d3-r2j-01608","29054.34022598095"
"sha256:ff2d3-r2j-01609","29054.34022598095"
"sha256:ff2d3-r2j-01610","29893.54483527089"
"sha256:ff2d3-r2j-01611","-2163.1095925123227"
"sha256:ff2d3-r2j-01612","20872.15961998768"
"sha256:ff2d3-r2j-01613","-3334.6075596021547"
"sha256:ff2d3-r2j-01614","29054.34022598095"
"sha256:ff2d3-r2j-01615","1024.8848084428828"
"sha256:ff2d3-r2j-01616","29054.34022598095"
"sha256:ff2d3-r2j-01617","94963.01583258534"
"sha256:ff2d3-r2j-01618","43467.63167037831"
"sha256:ff2d3-r2j-01619","62698.02801251698"
"sha256:ff2d3-r2j-01620","31491.587030218318"
"sha256:ff2d3-r2j-01621","15415.442198552133"
"sha256:ff2d3-r2j-01622","52772.91727833729"
"sha256:ff2d3-r2j-01623","38387.83853053456"
"sha256:ff2d3-r2j-01624","51442.53040299549"
"sha256:ff2d3-r2j-01625","29054.34022598095"
"sha256:ff2d3-r2j-01626","47957.936217115595"
"sha256:ff2d3-r2j-01627","21174.52560548573"
"sha256:ff2d3-r2j-01628","31271.870233343318"
"sha256:ff2d3-r2j-01629","20539.371644467356"
"sha256:ff2d3-r2j-01630","28070.41990992909"
"sha256:ff2d3-r2j-01631","24083.233185914803"
"sha256:ff2d3-r2j-01632","18209.56809845449"
"sha256:ff2d3-r2j-01633","37771.712450656705"
"sha256:ff2d3-r2j-01634","-3193.0763746412267"
"sha256:ff2d3-r2j-01635","47195.29348029042"
"sha256:ff2d3-r2j-01636","29054.34022598095"
"sha256:ff2d3-r2j-01637","29054.34022598095"
"sha256:ff2d3-r2j-01638","40086.45336573964"
"sha256:ff2d3-r2j-01639","29054.34022598095"
"sha256:ff2d3-r2j-01640","29054.34022598095"
"sha256:ff2d3-r2j-01641","44933.83915023289"
"sha256:ff2d3-r2j-01642","22016.522916374393"
"sha256:ff2d3-r2j-01643","29360.481817053034"
"sha256:ff2d3-r2j-01644","30476.958702237513"
"sha256:ff2d3-r2j-01645","29185.365800798227"
"sha256:ff2d3-r2j-01646","26800.60259821034"
"sha256:ff2d3-r2j-01647","37585.02534196034"
"sha256:ff2d3-r2j-01648","19846.615720036512"
"sha256:ff2d3-r2j-01649","85869.59055836659"
"sha256:ff2d3-r2j-01650","20595.196845015147"
"sha256:ff2d3-r2j-01651","29020.213383659557"
"sha256:ff2d3-r2j-01652","29054.34022598095"
"sha256:ff2d3-r2j-01653","29054.34022598095"
"sha256:ff2d3-r2j-01654","29054.34022598095"
"sha256:ff2d3-r2j-01655","10651.072544450573"
"sha256:ff2d3-r2j-01656","15725.516779411511"
"sha256:ff2d3-r2j-01657","29054.34022598095"
"sha256:ff2d3-r2j-01658","29054.34022598095"
"sha256:ff2d3-r2j-01659","10906.213193620497"
"sha256:ff2d3-r2j-01660","29054.34022598095"
"sha256:ff2d3-r2j-01661","6718.865691938976"
"sha256:ff2d3-r2j-01662","21179.16180768299"
"sha256:ff2d3-r2j-01663","36075.27904645749"
"sha256:ff2d3-r2j-01664","4083.497987240793"
"sha256:ff2d3-r2j-01665","-6029.6474183424"
"sha256:ff2d3-r2j-01666","24651.910370259287"
"sha256:ff2d3-r2j-01667","29054.34022598095"
"sha256:ff2d3-r2j-01668","46721.379272282604"
"sha256:ff2d3-r2j-01669","10699.307405113414"
"sha256:ff2d3-r2j-01670","55963.75032330799"
"sha256:ff2d3-r2j-01671","58119.86636232166"
"sha256:ff2d3-r2j-01672","23219.896618327526"
"sha256:ff2d3-r2j-01673","14337.042557097055"
"sha256:ff2d3-r2j-01674","29287.388603679094"
"sha256:ff2d3-r2j-01675","47195.07133224355"
"sha256:ff2d3-r2j-01676","22474.75054545155"
"sha256:ff2d3-r2j-01677","41776.024797233775"
"sha256:ff2d3-r2j-01678","39994.480054313855"
"sha256:ff2d3-r2j-01679","29054.34022598095"
"sha256:ff2d3-r2j-01680","29054.34022598095"
"sha256:ff2d3-r2j-01681","23948.83381692715"
"sha256:ff2d3-r2j-01682","53127.27931197987"
"sha256:ff2d3-r2j-01683","17123.9930057787"
"sha256:ff2d3-r2j-01684","15115.44658979054"
"sha256:ff2d3-r2j-01685","31529.565596501358"
"sha256:ff2d3-r2j-01686","17858.788765690806"
"sha256:ff2d3-r2j-01687","16703.556058317758"
"sha256:ff2d3-r2j-01688","41529.10259895153"
"sha256:ff2d3-r2j-01689","39853.8426519701"
"sha256:ff2d3-r2j-01690","29054.34022598095"
"sha256:ff2d3-r2j-01691","56128.84490245838"
"sha256:ff2d3-r2j-01692","56972.98108247585"
"sha256:ff2d3-r2j-01693","29054.34022598095"
"sha256:ff2d3-r2j-01694","4213.052493278701"
"sha256:ff2d3-r2j-01695","29054.34022598095"
"sha256:ff2d3-r2j-01696","29054.34022598095"
"sha256:ff2d3-r2j-01697","47844.96685676403"
"sha256:ff2d3-r2j-01698","32718.59198488026"
"sha256:ff2d3-r2j-01699","29612.75293727284"
"sha256:ff2d3-r2j-01700","49881.92212338124"
"sha256:ff2d3-r2j-01701","24458.959116472062"
"sha256:ff2d3-r2j-01702","13358.218543522838"
"sha256:ff2d3-r2j-01703","-7050.9753960981325"
"sha256:ff2d3-r2j-01704","26016.505691130267"
"sha256:ff2d3-r2j-01705","42996.19851857167"
"sha256:ff2d3-r2j-01706","17021.146947575573"
"sha256:ff2d3-r2j-01707","23620.856830983164"
"sha256:ff2d3-r2j-01708","28828.405146867575"
"sha256:ff2d3-r2j-01709","11392.688912094309"
"sha256:ff2d3-r2j-01710","18377.421356479077"
"sha256:ff2d3-r2j-01711","31793.01705651112"
"sha256:ff2d3-r2j-01712","29054.34022598095"
"sha256:ff2d3-r2j-01713","29054.34022598095"
"sha256:ff2d3-r2j-01714","36646.92619220448"
"sha256:ff2d3-r2j-01715","29054.34022598095"
"sha256:ff2d3-r2j-01716","43608.66802594472"
"sha256:ff2d3-r2j-01717","29054.34022598095"
"sha256:ff2d3-r2j-01718","51297.96357091542"
"sha256:ff2d3-r2j-01719","28788.226837955666"
"sha256:ff2d3-r2j-01720","56349.22363530789"
"sha256:ff2d3-r2j-01721","29054.34022598095"
"sha256:ff2d3-r2j-01722","-8284.27076997509"
"sha256:ff2d3-r2j-01723","29054.34022598095"
"sha256:ff2d3-r2j-01724","49292.79636398182"
"sha256:ff2d3-r2j-01725","3231.9666018236167"
"sha256:ff2d3-r2j-01726","23221.48082179432"
"sha256:ff2d3-r2j-01727","42300.28854220448"
"sha256:ff2d3-r2j-01728","26216.480441188243"
"sha256:ff2d3-r2j-01729","85024.93348820056"
"sha256:ff2d3-r2j-01730","42166.37554817028"
"sha256:ff2d3-r2j-01731","29054.34022598095"
"sha256:ff2d3-r2j-01732","29054.34022598095"
"sha256:ff2d3-r2j-01733","29054.34022598095"
"sha256:ff2d3-r2j-01734","27297.07704562244"
"sha256:ff2d3-r2j-01735","32805.741878190805"
"sha256:ff2d3-r2j-01736","29054.34022598095"
"sha256:ff2d3-r2j-01737","29922.505578312877"
"sha256:ff2d3-r2j-01738","34364.203607366755"
"sha256:ff2d3-r2j-01739","29054.34022598095"
"sha256:ff2d3-r2j-01740","29054.34022598095"
"sha256:ff2d3-r2j-01741","29054.34022598095"
"sha256:ff2d3-r2j-01742","4044.7985621751723"
"sha256:ff2d3-r2j-01743","26743.133079460342"
"sha256:ff2d3-r2j-01744","40020.61899225331"
"sha256:ff2d3-r2j-01745","23036.63158903065"
"sha256:ff2d3-r2j-01746","-9800.167910537522"
"sha256:ff2d3-r2j-01747","29054.34022598095"
"sha256:ff2d3-r2j-01748","23184.925232271005"
"sha256:ff2d3-r2j-01749","19298.373604997454"
"sha256:ff2d3-r2j-01750","21869.605352995495"
"sha256:ff2d3-r2j-01751","38387.942850407606"
"sha256:ff2d3-r2j-01752","32042.162408794597"
"sha256:ff2d3-r2j-01753","50419.6329120287"
"sha256:ff2d3-r2j-01754","29054.34022598095"
"sha256:ff2d3-r2j-01755","28440.074918587306"
"sha256:ff2d3-r2j-01756","-6558.9859466138805"
"sha256:ff2d3-r2j-01757","29054.34022598095"
"sha256:ff2d3-r2j-01758","29054.34022598095"
"sha256:ff2d3-r2j-01759","-14216.09848313732"
"sha256:ff2d3-r2j-01760","11059.855855046277"
"sha256:ff2d3-r2j-01761","10845.818698527728"
"sha256:ff2d3-r2j-01762","20140.78216917439"
"sha256:ff2d3-r2j-01763","24701.301473845102"
"sha256:ff2d3-r2j-01764","28083.145018332485"
"sha256:ff2d3-r2j-01765","13481.096678386122"
"sha256:ff2d3-r2j-01766","41956.697103727915"
"sha256:ff2d3-r2j-01767","25571.42128849354"
"sha256:ff2d3-r2j-01768","14206.538251628313"
"sha256:ff2d3-r2j-01769","42888.15014056988"
"sha256:ff2d3-r2j-01770","29054.34022598095"
"sha256:ff2d3-r2j-01771","29054.34022598095"
"sha256:ff2d3-r2j-01772","35498.30781896229"
"sha256:ff2d3-r2j-01773","36335.9424901537"
"sha256:ff2d3-r2j-01774","45353.613674919325"
"sha256:ff2d3-r2j-01775","19630.548331120495"
"sha256:ff2d3-r2j-01776","-3506.0012355543004"
"sha256:ff2d3-r2j-01777","29054.34022598095"
"sha256:ff2d3-r2j-01778","25332.093528776742"
"sha256:ff2d3-r2j-01779","16592.103833732806"
"sha256:ff2d3-r2j-01780","29054.34022598095"
"sha256:ff2d3-r2j-01781","26090.023538754467"
"sha256:ff2d3-r2j-01782","29054.34022598095"
"sha256:ff2d3-r2j-01783","29054.34022598095"
"sha256:ff2d3-r2j-01784","29054.34022598095"
"sha256:ff2d3-r2j-01785","31710.098237391092"
"sha256:ff2d3-r2j-01786","29054.34022598095"
"sha256:ff2d3-r2j-01787","7605.36331525135"
"sha256:ff2d3-r2j-01788","29019.68679069081"
"sha256:ff2d3-r2j-01789","38864.03599191151"
"sha256:ff2d3-r2j-01790","609.4277177171753"
"sha256:ff2d3-r2j-01791","36092.94682057362"
"sha256:ff2d3-r2j-01792","-3957.736318830677"
"sha256:ff2d3-r2j-01793","24045.91050844288"
"sha256:ff2d3-r2j-01794","4730.145204460336"
"sha256:ff2d3-r2j-01795","2144.3393027025304"
"sha256:ff2d3-r2j-01796","32627.484623716548"
"sha256:ff2d3-r2j-01797","31877.357126997187"
"sha256:ff2d3-r2j-01798","11597.438908952521"
"sha256:ff2d3-r2j-01799","15201.167379948616"
"sha256:ff2d3-r2j-01800","30774.018578190808"
"sha256:ff2d3-r2j-01801","38695.79057067128"
"sha256:ff2d3-r2j-01802","9094.613227116584"
"sha256:ff2d3-r2j-01803","27375.441262570766"
"sha256:ff2d3-r2j-01804","12817.083561418345"
"sha256:ff2d3-r2j-01805","34496.89875094967"
"sha256:ff2d3-r2j-01806","35871.63382838612"
"sha256:ff2d3-r2j-01807","1289.2088860033036"
"sha256:ff2d3-r2j-01808","29054.34022598095"
"sha256:ff2d3-r2j-01809","29054.34022598095"
"sha256:ff2d3-r2j-01810","29054.34022598095"
"sha256:ff2d3-r2j-01811","26490.39267941151"
"sha256:ff2d3-r2j-01812","29054.34022598095"
"sha256:ff2d3-r2j-01813","29054.34022598095"
"sha256:ff2d3-r2j-01814","29054.34022598095"
"sha256:ff2d3-r2j-01815","29054.34022598095"
"sha256:ff2d3-r2j-01816","74317.76714973278"
"sha256:ff2d3-r2j-01817","4259.472006511118"
"sha256:ff2d3-r2j-01818","38918.214537428095"
"sha256:ff2d3-r2j-01819","29281.378666685298"
"sha256:ff2d3-r2j-01820","49640.90790289784"
"sha256:ff2d3-r2j-01821","29004.387399724008"
"sha256:ff2d3-r2j-01822","29054.34022598095"
"sha256:ff2d3-r2j-01823","41024.76702662831"
"sha256:ff2d3-r2j-01824","29054.34022598095"
"sha256:ff2d3-r2j-01825","56442.481571989636"
"sha256:ff2d3-r2j-01826","29054.34022598095"
"sha256:ff2d3-r2j-01827","23357.844433806036"
"sha256:ff2d3-r2j-01828","27937.754509196668"
"sha256:ff2d3-r2j-01829","26615.68263600331"
"sha256:ff2d3-r2j-01830","29054.34022598095"
"sha256:ff2d3-r2j-01831","49903.88369596424"
"sha256:ff2d3-r2j-01832","12387.584431315809"
"sha256:ff2d3-r2j-01833","21351.7457648119"
"sha256:ff2d3-r2j-01834","53142.56698063221"
"sha256:ff2d3-r2j-01835","29848.86420446034"
"sha256:ff2d3-r2j-01836","29054.34022598095"
"sha256:ff2d3-r2j-01837","46346.3213148119"
"sha256:ff2d3-r2j-01838","33957.436331071665"
"sha256:ff2d3-r2j-01839","46674.61467623769"
"sha256:ff2d3-r2j-01840","29054.34022598095"
"sha256:ff2d3-r2j-01841","32827.61608295269"
"sha256:ff2d3-r2j-01842","26385.503717741587"
"sha256:ff2d3-r2j-01843","25805.24015514394"
"sha256:ff2d3-r2j-01844","31194.421726823624"
"sha256:ff2d3-r2j-01845","36778.89107872792"
"sha256:ff2d3-r2j-01846","40060.595186198625"
"sha256:ff2d3-r2j-01847","26267.09465863515"
"sha256:ff2d3-r2j-01848","29054.34022598095"
"sha256:ff2d3-r2j-01849","38156.38714625721"
"sha256:ff2d3-r2j-01850","29054.34022598095"
"sha256:ff2d3-r2j-01851","38881.434029704484"
"sha256:ff2d3-r2j-01852","48028.04234684315"
"sha256:ff2d3-r2j-01853","28277.57381591054"
"sha256:ff2d3-r2j-01854","29054.34022598095"
"sha256:ff2d3-r2j-01855","19485.82145541554"
"sha256:ff2d3-r2j-01856","56333.65167457753"
"sha256:ff2d3-r2j-01857","10886.713027818492"
"sha256:ff2d3-r2j-01858","36603.58994791737"
"sha256:ff2d3-r2j-01859","42435.84609452382"
"sha256:ff2d3-r2j-01860","29054.34022598095"
"sha256:ff2d3-r2j-01861","10348.14333361073"
"sha256:ff2d3-r2j-01862","29054.34022598095"
"sha256:ff2d3-r2j-01863","29054.34022598095"
"sha256:ff2d3-r2j-01864","15719.221858149911"
"sha256:ff2d3-r2j-01865","63066.18145913601"
"sha256:ff2d3-r2j-01866","29054.34022598095"
"sha256:ff2d3-r2j-01867","29035.0625710619"
"sha256:ff2d3-r2j-01868","29054.34022598095"
"sha256:ff2d3-r2j-01869","35713.56212787457"
"sha256:ff2d3-r2j-01870","32315.50073680134"
"sha256:ff2d3-r2j-01871","35510.48209303456"
"sha256:ff2d3-r2j-01872","29499.379384938242"
"sha256:ff2d3-r2j-01873","43728.21215948963"
"sha256:ff2d3-r2j-01874","29054.34022598095"
"sha256:ff2d3-r2j-01875","26909.304697819716"
"sha256:ff2d3-r2j-01876","29054.34022598095"
"sha256:ff2d3-r2j-01877","11137.226297966205"
"sha256:ff2d3-r2j-01878","26080.49604166737"
"sha256:ff2d3-r2j-01879","29054.34022598095"
"sha256:ff2d3-r2j-01880","36467.08195317898"
"sha256:ff2d3-r2j-01881","-2126.3808697309432"
"sha256:ff2d3-r2j-01882","29054.34022598095"
"sha256:ff2d3-r2j-01883","30996.380712809947"
"sha256:ff2d3-r2j-01884","29054.34022598095"
"sha256:ff2d3-r2j-01885","26664.446227768138"
"sha256:ff2d3-r2j-01886","59063.466430681045"
"sha256:ff2d3-r2j-01887","29622.34827213116"
"sha256:ff2d3-r2j-01888","44683.892757682996"
"sha256:ff2d3-r2j-01889","52108.76782727986"
"sha256:ff2d3-r2j-01890","2646.8739905122784"
"sha256:ff2d3-r2j-01891","16347.097610466197"
"sha256:ff2d3-r2j-01892","29720.586797521784"
"sha256:ff2d3-r2j-01893","26390.763681096083"
"sha256:ff2d3-r2j-01894","36570.750625602916"
"sha256:ff2d3-r2j-01895","20099.936947990616"
"sha256:ff2d3-r2j-01896","30584.135432829484"
"sha256:ff2d3-r2j-01897","37864.88170206776"
"sha256:ff2d3-r2j-01898","38469.31216710682"
"sha256:ff2d3-r2j-01899","4413.320971724133"
"sha256:ff2d3-r2j-01900","29054.34022598095"
"sha256:ff2d3-r2j-01901","38844.720027702526"
"sha256:ff2d3-r2j-01902","43911.19095763417"
"sha256:ff2d3-r2j-01903","9015.71885524159"
"sha256:ff2d3-r2j-01904","29054.34022598095"
"sha256:ff2d3-r2j-01905","58113.43553452664"
"sha256:ff2d3-r2j-01906","50179.18058258534"
"sha256:ff2d3-r2j-01907","24058.625768132213"
"sha256:ff2d3-r2j-01908","29054.34022598095"
"sha256:ff2d3-r2j-01909","12642.048095524791"
"sha256:ff2d3-r2j-01910","26463.82241398106"
"sha256:ff2d3-r2j-01911","60060.21895948963"
"sha256:ff2d3-r2j-01912","6024.835508659555"
"sha256:ff2d3-r2j-01913","25868.829675358775"
"sha256:ff2d3-r2j-01914","12262.020938054091"
"sha256:ff2d3-r2j-01915","50750.34594567127"
"sha256:ff2d3-r2j-01916","10191.272208854869"
"sha256:ff2d3-r2j-01917","29054.34022598095"
"sha256:ff2d3-r2j-01918","29054.34022598095"
"sha256:ff2d3-r2j-01919","38892.79186420269"
"sha256:ff2d3-r2j-01920","30157.25388971425"
"sha256:ff2d3-r2j-01921","27630.61298147793"
"sha256:ff2d3-r2j-01922","18150.17338160878"
"sha256:ff2d3-r2j-01923","13066.564111215404"
"sha256:ff2d3-r2j-01924","27588.767361931044"
"sha256:ff2d3-r2j-01925","29054.34022598095"
"sha256:ff2d3-r2j-01926","16183.400599870496"
"sha256:ff2d3-r2j-01927","40074.299390397835"
"sha256:ff2d3-r2j-01928","51223.608770964245"
"sha256:ff2d3-r2j-01929","27866.069245328716"
"sha256:ff2d3-r2j-01930","23549.443303413584"
"sha256:ff2d3-r2j-01931","29054.34022598095"
"sha256:ff2d3-r2j-01932","21459.200736665538"
"sha256:ff2d3-r2j-01933","29054.34022598095"
"sha256:ff2d3-r2j-01934","29054.34022598095"
"sha256:ff2d3-r2j-01935","12834.212694729806"
"sha256:ff2d3-r2j-01936","46848.519752458385"
"sha256:ff2d3-r2j-01937","13637.584186079599"
"sha256:ff2d3-r2j-01938","29054.34022598095"
"sha256:ff2d3-r2j-01939","53329.94000968494"
"sha256:ff2d3-r2j-01940","35460.39496280995"
"sha256:ff2d3-r2j-01941","29054.34022598095"
"sha256:ff2d3-r2j-01942","29054.34022598095"
"sha256:ff2d3-r2j-01943","2546.1361842454935"
"sha256:ff2d3-r2j-01944","23710.615712532617"
"sha256:ff2d3-r2j-01945","34950.788611052136"
"sha256:ff2d3-r2j-01946","19702.580717399796"
"sha256:ff2d3-r2j-01947","16538.685536807825"
"sha256:ff2d3-r2j-01948","29054.34022598095"
"sha256:ff2d3-r2j-01949","24170.211769792382"
"sha256:ff2d3-r2j-01950","25706.617357194715"
"sha256:ff2d3-r2j-01951","24725.139552751352"
"sha256:ff2d3-r2j-01952","13779.35294825917"
"sha256:ff2d3-r2j-01953","33746.00295880604"
"sha256:ff2d3-r2j-01954","29054.34022598095"
"sha256:ff2d3-r2j-01955","48758.54473762341"
"sha256:ff2d3-r2j-01956","37096.00153004627"
"sha256:ff2d3-r2j-01957","5052.283945695686"
"sha256:ff2d3-r2j-01958","17737.788428972053"
"sha256:ff2d3-r2j-01959","29054.34022598095"
"sha256:ff2d3-r2j-01960","29054.34022598095"
"sha256:ff2d3-r2j-01961","29054.34022598095"
"sha256:ff2d3-r2j-01962","27670.28712628651"
"sha256:ff2d3-r2j-01963","11295.255658317757"
"sha256:ff2d3-r2j-01964","24215.63500958729"
"sha256:ff2d3-r2j-01965","50141.98427892323"
"sha256:ff2d3-r2j-01966","29054.34022598095"
"sha256:ff2d3-r2j-01967","29054.34022598095"
"sha256:ff2d3-r2j-01968","32157.274662779048"
"sha256:ff2d3-r2j-01969","-17793.137940559187"
"sha256:ff2d3-r2j-01970","29054.34022598095"
"sha256:ff2d3-r2j-01971","47452.941248210336"
"sha256:ff2d3-r2j-01972","29054.34022598095"
"sha256:ff2d3-r2j-01973","-9624.292715778924"
"sha256:ff2d3-r2j-01974","24260.35985768948"
"sha256:ff2d3-r2j-01975","36708.83356818104"
"sha256:ff2d3-r2j-01976","19631.62116390858"
"sha256:ff2d3-r2j-01977","25096.167931831555"
"sha256:ff2d3-r2j-01978","34289.75915929432"
"sha256:ff2d3-r2j-01979","30092.884738237957"
"sha256:ff2d3-r2j-01980","33377.357950554084"
"sha256:ff2d3-r2j-01981","31275.798255095106"
"sha256:ff2d3-r2j-01982","38026.88747164784"
"sha256:ff2d3-r2j-01983","55734.81011890164"
"sha256:ff2d3-r2j-01984","20256.217366130266"
"sha256:ff2d3-r2j-01985","18824.339847592357"
"sha256:ff2d3-r2j-01986","-16670.457340461537"
"sha256:ff2d3-r2j-01987","15687.7409517046"
"sha256:ff2d3-r2j-01988","1828.1106405443206"
"sha256:ff2d3-r2j-01989","-15564.101726234243"
"sha256:ff2d3-r2j-01990","29054.34022598095"
"sha256:ff2d3-r2j-01991","27185.83725250722"
"sha256:ff2d3-r2j-01992","1207.239555087479"
"sha256:ff2d3-r2j-01993","29054.34022598095"
"sha256:ff2d3-r2j-01994","29054.34022598095"
"sha256:ff2d3-r2j-01995","38726.5162601244"
"sha256:ff2d3-r2j-01996","51855.130181315806"
"sha256:ff2d3-r2j-01997","33884.252435491755"
"sha256:ff2d3-r2j-01998","30164.724237249568"
"sha256:ff2d3-r2j-01999","44804.06083854237"
